step,gt_x,gt_y,odom_x,odom_y,ekf_x,ekf_y,rl_x,rl_y,odom_error_m,ekf_error_m,rl_error_m
0,0.0,0.0,0.0,0.0,-0.0238,-0.0131,0.0,0.0,0.0,0.02717,0.0
1,0.1,0.0,0.1025,0.0,0.0721,-0.0186,0.0525,0.0,0.00248,0.03353,0.04749
2,0.2,0.002,0.2057,0.002,0.1765,-0.0161,0.1094,0.0008,0.00572,0.02965,0.09057
3,0.2999,0.006,0.3044,0.0063,0.288,-0.0024,0.1719,0.0025,0.00455,0.01457,0.12807
4,0.3997,0.012,0.4121,0.013,0.4056,0.0128,0.2409,0.0054,0.01245,0.00593,0.15891
5,0.4994,0.02,0.5094,0.0212,0.4996,0.0177,0.3163,0.0097,0.0101,0.0023,0.18335
6,0.5989,0.03,0.6066,0.0314,0.596,0.028,0.3978,0.0156,0.00781,0.00351,0.20164
7,0.6982,0.0419,0.707,0.0439,0.6836,0.0318,0.4847,0.0233,0.00905,0.01776,0.21426
8,0.7972,0.0559,0.7975,0.0567,0.7833,0.0458,0.5762,0.033,0.00083,0.01718,0.22218
9,0.8959,0.0718,0.8912,0.0717,0.8811,0.061,0.6717,0.0447,0.00469,0.01836,0.22589
10,0.9943,0.0897,0.9852,0.0888,0.9835,0.0814,0.7703,0.0588,0.00921,0.01365,0.2261
11,1.0923,0.1096,1.0904,0.1098,1.0778,0.0965,0.872,0.0752,0.00191,0.01955,0.22299
12,1.1899,0.1314,1.1884,0.1313,1.171,0.1156,0.9757,0.094,0.0015,0.02465,0.21746
13,1.287,0.1552,1.283,0.1538,1.272,0.1423,1.0808,0.1152,0.00423,0.01981,0.21011
14,1.3837,0.1809,1.3743,0.1775,1.3699,0.1678,1.1868,0.1389,0.01001,0.01901,0.20133
15,1.4798,0.2085,1.4676,0.2038,1.4721,0.1985,1.2933,0.1651,0.01305,0.01264,0.19143
16,1.5753,0.2381,1.5605,0.2319,1.5675,0.2288,1.4002,0.1938,0.0161,0.01214,0.1806
17,1.6702,0.2695,1.6554,0.2631,1.663,0.2632,1.5071,0.2249,0.01619,0.00963,0.1692
18,1.7645,0.3029,1.7537,0.2974,1.7563,0.2954,1.6137,0.2585,0.01214,0.01112,0.15723
19,1.8581,0.3381,1.8485,0.3323,1.8512,0.3336,1.7199,0.2944,0.01122,0.00825,0.14499
20,1.951,0.3752,1.9356,0.366,1.9466,0.3704,1.825,0.3326,0.01794,0.0065,0.13296
21,2.0431,0.4142,2.0315,0.4054,2.0374,0.4105,1.9293,0.3732,0.01453,0.00675,0.12089
22,2.1344,0.4549,2.1227,0.445,2.1289,0.4517,2.0326,0.4159,0.01535,0.00637,0.10903
23,2.2249,0.4975,2.2069,0.4835,2.223,0.4983,2.1343,0.4606,0.02277,0.00202,0.09782
24,2.3145,0.5419,2.295,0.5258,2.3139,0.5427,2.2346,0.5074,0.02528,0.00097,0.08702
25,2.4032,0.5881,2.3857,0.5719,2.4184,0.5798,2.3337,0.5562,0.02385,0.01734,0.07648
26,2.4909,0.636,2.4755,0.6194,2.4999,0.626,2.4311,0.607,0.02269,0.01346,0.06648
27,2.5777,0.6857,2.56,0.6662,2.5875,0.6762,2.5269,0.6595,0.02635,0.01366,0.05719
28,2.6635,0.7371,2.6509,0.7191,2.6712,0.7299,2.6212,0.7141,0.022,0.01058,0.04813
29,2.7482,0.7903,2.7326,0.7691,2.7577,0.7875,2.7136,0.7702,0.0263,0.00989,0.03999
30,2.8319,0.8451,2.8183,0.8238,2.8373,0.8403,2.8044,0.828,0.02524,0.00724,0.03231
31,2.9144,0.9015,2.8994,0.8781,2.9156,0.8997,2.8938,0.8878,0.02782,0.00219,0.02472
32,2.9958,0.9596,2.9769,0.9322,2.9995,0.957,2.9802,0.9483,0.03334,0.00456,0.01921
33,3.076,1.0193,3.0611,0.9932,3.0806,1.019,3.0657,1.0109,0.03004,0.00463,0.0133
34,3.155,1.0807,3.1404,1.0535,3.1586,1.08,3.1494,1.075,0.03077,0.00368,0.00795
35,3.2327,1.1435,3.2201,1.1169,3.236,1.1418,3.2313,1.1406,0.02945,0.0037,0.00327
36,3.3092,1.208,3.2986,1.1818,3.3142,1.2084,3.3115,1.2076,0.02825,0.005,0.00226
37,3.3844,1.2739,3.374,1.2472,3.3898,1.2777,3.3897,1.276,0.02869,0.0066,0.00571
38,3.4583,1.3413,3.4384,1.3056,3.4619,1.344,3.4659,1.3454,0.04092,0.00452,0.00867
39,3.5307,1.4102,3.5113,1.3746,3.5343,1.4122,3.5405,1.4163,0.04055,0.00408,0.01145
40,3.6018,1.4805,3.5828,1.4452,3.6055,1.4818,3.6134,1.4885,0.04017,0.00388,0.01406
41,3.6715,1.5523,3.6522,1.5157,3.6742,1.5522,3.6843,1.5617,0.04139,0.00271,0.01589
42,3.7397,1.6254,3.7258,1.5938,3.7435,1.6264,3.7537,1.6365,0.0345,0.00391,0.01785
43,3.8065,1.6999,3.7903,1.6649,3.8096,1.701,3.8214,1.7123,0.03853,0.00334,0.01942
44,3.8717,1.7756,3.8591,1.7436,3.8748,1.7759,3.8874,1.7895,0.0344,0.0031,0.02099
45,3.9354,1.8527,3.9217,1.8182,3.9381,1.8548,3.9516,1.8677,0.03712,0.00339,0.02203
46,3.9976,1.9311,3.9846,1.8966,3.9991,1.9329,4.0144,1.9474,0.03683,0.00239,0.02344
47,4.0582,2.0106,4.0433,1.9732,4.0597,2.0131,4.0745,2.0271,0.0403,0.00292,0.02323
48,4.1171,2.0914,4.1015,2.0521,4.1185,2.0947,4.1334,2.1086,0.04231,0.0036,0.02364
49,4.1745,2.1733,4.1603,2.1348,4.1754,2.1771,4.1905,2.191,0.04105,0.00392,0.02388
50,4.2302,2.2563,4.2165,2.2175,4.2313,2.2609,4.2459,2.2745,0.04119,0.00469,0.024
51,4.2842,2.3405,4.2673,2.2953,4.2848,2.3443,4.2995,2.3588,0.04824,0.00386,0.02385
52,4.3366,2.4257,4.3194,2.3786,4.3368,2.4297,4.3511,2.4439,0.05008,0.00401,0.02331
53,4.3872,2.5119,4.3705,2.4637,4.3874,2.516,4.4012,2.5301,0.05106,0.00407,0.02292
54,4.4361,2.5992,4.4248,2.5587,4.4367,2.6039,4.4496,2.6175,0.04203,0.00477,0.02275
55,4.4832,2.6874,4.4733,2.6476,4.4847,2.6906,4.4962,2.7057,0.04098,0.00356,0.02249
56,4.5286,2.7765,4.515,2.7278,4.531,2.7783,4.5409,2.7947,0.05053,0.00303,0.02201
57,4.5721,2.8665,4.5595,2.8177,4.574,2.8688,4.5836,2.8841,0.0504,0.00296,0.02104
58,4.6139,2.9574,4.6012,2.9075,4.6161,2.9595,4.6247,2.9746,0.05141,0.00307,0.02031
59,4.6538,3.049,4.6413,2.9989,4.6555,3.0514,4.6639,3.0659,0.05163,0.00289,0.01965
60,4.6919,3.1415,4.6821,3.0965,4.6927,3.1433,4.7013,3.1581,0.04609,0.00196,0.01912
61,4.7282,3.2347,4.7202,3.1932,4.7299,3.2356,4.737,3.2511,0.04226,0.00196,0.01859
62,4.7625,3.3286,4.7576,3.2935,4.7649,3.328,4.7708,3.3448,0.03548,0.00246,0.01817
63,4.795,3.4232,4.7918,3.3905,4.7975,3.4214,4.803,3.4401,0.0328,0.00308,0.01868
64,4.8256,3.5184,4.8213,3.4809,4.8272,3.516,4.8327,3.5338,0.03774,0.0029,0.01694
65,4.8543,3.6142,4.8506,3.577,4.8552,3.6097,4.8609,3.6295,0.03735,0.0046,0.01671
66,4.881,3.7106,4.8759,3.6658,4.8814,3.7054,4.8869,3.7246,0.04509,0.00518,0.01523
67,4.9058,3.8074,4.8999,3.7573,4.9064,3.8028,4.9111,3.8207,0.05044,0.00467,0.01424
68,4.9287,3.9048,4.9222,3.8501,4.9286,3.9004,4.9333,3.9171,0.05506,0.00438,0.01319
69,4.9496,4.0026,4.9425,3.944,4.9497,3.9974,4.9536,4.0138,0.05898,0.00517,0.01197
70,4.9686,4.1008,4.9626,4.0461,4.9697,4.0966,4.9721,4.1114,0.05495,0.0043,0.01118
71,4.9856,4.1993,4.9803,4.1457,4.9863,4.1971,4.9886,4.2091,0.05385,0.00231,0.01029
72,5.0006,4.2982,4.9944,4.2366,5.0014,4.2941,5.0032,4.3072,0.06189,0.00414,0.00935
73,5.0136,4.3973,5.0078,4.337,5.0143,4.3941,5.0158,4.4054,0.0606,0.00328,0.00836
74,5.0247,4.4967,5.0182,4.4302,5.0263,4.4932,5.0264,4.5043,0.06679,0.00384,0.00778
75,5.0338,4.5963,5.0279,4.5324,5.0356,4.594,5.0351,4.6025,0.06418,0.00293,0.00637
76,5.0408,4.696,5.0353,4.6334,5.0426,4.6924,5.0418,4.7018,0.06292,0.00404,0.00581
77,5.0459,4.7959,5.0404,4.7298,5.048,4.7928,5.0466,4.8009,0.06631,0.00374,0.00501
78,5.049,4.8959,5.0437,4.8312,5.0509,4.8919,5.0494,4.9001,0.06484,0.00439,0.0043
79,5.0501,4.9959,5.0452,4.9406,5.0512,4.9929,5.0503,4.9999,0.05551,0.00316,0.00403
80,5.0492,5.0958,5.0446,5.0346,5.0489,5.0916,5.0491,5.0994,0.06143,0.00426,0.00353
81,5.0462,5.1958,5.0419,5.1297,5.0461,5.1903,5.046,5.1987,0.06627,0.00551,0.00292
82,5.0413,5.2957,5.0366,5.2353,5.0411,5.2909,5.0409,5.2981,0.06053,0.00479,0.00248
83,5.0344,5.3954,5.0294,5.3399,5.0341,5.3899,5.0338,5.3976,0.05575,0.00555,0.00223
84,5.0255,5.495,5.0202,5.4436,5.0254,5.4896,5.0247,5.4971,0.05171,0.00545,0.00217
85,5.0146,5.5945,5.009,5.5418,5.0138,5.5871,5.0136,5.5965,0.05299,0.00739,0.00233
86,5.0017,5.6936,4.9965,5.6365,5.0016,5.6878,5.0006,5.6947,0.05737,0.00582,0.00157
87,4.9869,5.7925,4.9816,5.735,4.9878,5.7866,4.9857,5.7932,0.05776,0.00598,0.00137
88,4.97,5.8911,4.9644,5.8349,4.9708,5.886,4.9687,5.8914,0.05646,0.00514,0.00135
89,4.9512,5.9893,4.9453,5.9331,4.9528,5.9844,4.9498,5.9893,0.05648,0.00515,0.00141
90,4.9304,6.0871,4.9243,6.0295,4.9322,6.0834,4.9289,6.0868,0.05792,0.00411,0.00158
91,4.9077,6.1845,4.8997,6.1297,4.9086,6.1811,4.906,6.1838,0.0554,0.00351,0.00182
92,4.8831,6.2814,4.8755,6.2212,4.8837,6.2785,4.8813,6.2803,0.0607,0.00298,0.00212
93,4.8565,6.3778,4.8482,6.3162,4.8583,6.3742,4.8546,6.3761,0.06214,0.00405,0.00252
94,4.8279,6.4737,4.8178,6.414,4.8293,6.4715,4.8259,6.4716,0.06053,0.00255,0.00284
95,4.7975,6.5689,4.7876,6.5048,4.7983,6.5662,4.7954,6.5665,0.06482,0.00283,0.00321
96,4.7652,6.6635,4.7552,6.5971,4.7652,6.6599,4.7631,6.6606,0.0672,0.00364,0.00364
97,4.731,6.7575,4.7196,6.6917,4.7311,6.754,4.7288,6.7541,0.06679,0.00351,0.004
98,4.6949,6.8508,4.6825,6.7855,4.6952,6.8468,4.6926,6.8472,0.06648,0.00398,0.00426
99,4.6569,6.9433,4.6454,6.8736,4.6583,6.9386,4.6547,6.9392,0.07066,0.00489,0.00469
100,4.6171,7.035,4.6047,6.9652,4.6193,7.0302,4.6149,7.0306,0.07092,0.00529,0.00499
101,4.5755,7.126,4.5617,7.0575,4.5776,7.1231,4.5732,7.1213,0.06986,0.00353,0.0052
102,4.5321,7.216,4.5152,7.1521,4.5336,7.2143,4.5297,7.2112,0.06617,0.0023,0.00537
103,4.4869,7.3052,4.4722,7.2347,4.4898,7.3005,4.4845,7.3002,0.07205,0.00556,0.00561
104,4.4399,7.3935,4.4233,7.3248,4.4435,7.3876,4.4375,7.3882,0.07064,0.00692,0.00586
105,4.3911,7.4808,4.3725,7.4139,4.3936,7.4768,4.3886,7.4754,0.06944,0.00471,0.006
106,4.3407,7.5671,4.3191,7.5018,4.343,7.5623,4.3379,7.5617,0.06879,0.00538,0.00612
107,4.2885,7.6524,4.2627,7.5901,4.2904,7.647,4.2854,7.6471,0.06743,0.00577,0.00617
108,4.2346,7.7367,4.2079,7.6719,4.2361,7.7326,4.2314,7.7311,0.07,0.00435,0.00643
109,4.179,7.8198,4.1528,7.7507,4.181,7.8144,4.1757,7.814,0.07395,0.00577,0.00667
110,4.1218,7.9018,4.0952,7.8295,4.1231,7.8967,4.1183,7.8957,0.07706,0.00529,0.00697
111,4.0629,7.9827,4.0276,7.9182,4.0632,7.9794,4.0592,7.9766,0.07347,0.00328,0.00711
112,4.0025,8.0623,3.9636,7.9995,4.0027,8.0587,3.9985,8.0563,0.07387,0.00363,0.00725
113,3.9404,8.1408,3.9019,8.0752,3.941,8.1375,3.9362,8.1347,0.07605,0.0033,0.00738
114,3.8768,8.2179,3.8368,8.1515,3.8775,8.2148,3.8725,8.2118,0.07754,0.0032,0.00755
115,3.8117,8.2938,3.773,8.2237,3.8124,8.2906,3.8072,8.2875,0.08007,0.00329,0.00774
116,3.7451,8.3684,3.7076,8.2945,3.7463,8.3652,3.7406,8.3618,0.0828,0.00341,0.00796
117,3.677,8.4416,3.6382,8.3668,3.6784,8.4397,3.6725,8.4348,0.08428,0.00238,0.00816
118,3.6074,8.5135,3.5599,8.4452,3.6081,8.512,3.6027,8.5067,0.08317,0.00161,0.00828
119,3.5364,8.5839,3.4951,8.5074,3.5377,8.5819,3.5317,8.5769,0.08693,0.00236,0.00848
120,3.4641,8.6529,3.424,8.573,3.4663,8.6497,3.4594,8.6455,0.08942,0.0039,0.00872
121,3.3903,8.7205,3.352,8.6365,3.3917,8.717,3.3858,8.7127,0.09229,0.00371,0.00897
122,3.3153,8.7865,3.2738,8.7028,3.3159,8.7842,3.3107,8.7785,0.09341,0.0024,0.0092
123,3.2389,8.8511,3.2008,8.762,3.24,8.848,3.2345,8.8427,0.09683,0.00325,0.00946
124,3.1612,8.9141,3.1238,8.822,3.1624,8.9108,3.1569,8.9053,0.09933,0.00346,0.00973
125,3.0823,8.9755,3.0368,8.8873,3.0847,8.9717,3.0779,8.9666,0.09924,0.00448,0.00993
126,3.0022,9.0353,2.9606,8.942,3.0053,9.0309,2.9978,9.0262,0.10219,0.00541,0.01016
127,2.9209,9.0936,2.8694,9.0045,2.923,9.0909,2.9162,9.0844,0.10288,0.0034,0.01033
128,2.8385,9.1502,2.7921,9.0551,2.8416,9.1468,2.8337,9.1408,0.10583,0.0046,0.01055
129,2.7549,9.2051,2.702,9.1115,2.7571,9.2026,2.7499,9.1956,0.10753,0.00333,0.01075
130,2.6703,9.2584,2.6143,9.1642,2.6724,9.2566,2.665,9.2488,0.10954,0.00277,0.01095
131,2.5846,9.3099,2.5316,9.2115,2.5875,9.3072,2.5792,9.3001,0.11175,0.00399,0.01117
132,2.4979,9.3597,2.458,9.2517,2.5014,9.3552,2.4929,9.3494,0.11517,0.00574,0.01141
133,2.4102,9.4078,2.3705,9.2974,2.4137,9.4032,2.4056,9.3971,0.1173,0.0058,0.01165
134,2.3216,9.4541,2.2738,9.3459,2.3231,9.4505,2.3169,9.4433,0.11834,0.00395,0.01183
135,2.232,9.4987,2.1856,9.3882,2.233,9.4957,2.2274,9.4876,0.11987,0.00313,0.012
136,2.1416,9.5414,2.088,9.4325,2.1419,9.5386,2.1368,9.5303,0.12134,0.00283,0.01214
137,2.0504,9.5823,1.991,9.4747,2.0507,9.581,2.0452,9.5712,0.12294,0.00137,0.01227
138,1.9583,9.6214,1.903,9.5108,1.9584,9.619,1.953,9.6102,0.12366,0.00242,0.01239
139,1.8655,9.6587,1.8088,9.5472,1.8643,9.656,1.8601,9.6474,0.12503,0.00293,0.0125
140,1.772,9.694,1.7145,9.5816,1.7725,9.6916,1.7665,9.6827,0.12622,0.00249,0.01261
141,1.6778,9.7275,1.6194,9.6143,1.6774,9.7251,1.6721,9.7161,0.12737,0.00247,0.01273
142,1.5829,9.7591,1.5166,9.6472,1.5815,9.7578,1.5769,9.7477,0.13011,0.00194,0.01288
143,1.4874,9.7888,1.4106,9.679,1.4839,9.7881,1.4808,9.7775,0.13399,0.00359,0.01308
144,1.3914,9.8166,1.3152,9.7061,1.3878,9.8165,1.3842,9.8054,0.13429,0.00356,0.01328
145,1.2948,9.8425,1.217,9.7316,1.2903,9.8414,1.2874,9.8313,0.13543,0.00459,0.01342
146,1.1977,9.8664,1.1208,9.7547,1.1934,9.8652,1.1901,9.8552,0.13558,0.00443,0.0135
147,1.1001,9.8884,1.026,9.7756,1.0967,9.8876,1.0926,9.8772,0.13494,0.0035,0.01354
148,1.0021,9.9084,0.9262,9.7954,0.9977,9.9079,0.9945,9.8971,0.13621,0.00446,0.01364
149,0.9038,9.9265,0.8233,9.8137,0.8982,9.9265,0.8959,9.9152,0.13854,0.00557,0.01376
150,0.8051,9.9426,0.7205,9.8299,0.8001,9.943,0.7969,9.9313,0.1409,0.00499,0.01396
151,0.7061,9.9567,0.6255,9.8428,0.7016,9.9583,0.6978,9.9454,0.13954,0.00476,0.01402
152,0.6068,9.9688,0.5225,9.8547,0.6002,9.9706,0.5985,9.9574,0.14187,0.00685,0.01412
153,0.5073,9.979,0.423,9.8642,0.4998,9.9815,0.4988,9.9675,0.14242,0.00795,0.01427
154,0.4077,9.9871,0.3169,9.8721,0.4002,9.9895,0.3988,9.9756,0.14651,0.00784,0.01447
155,0.3079,9.9933,0.2143,9.8778,0.3006,9.9954,0.2987,9.9818,0.14859,0.00756,0.01469
156,0.2079,9.9974,0.1155,9.8813,0.2008,9.9991,0.1987,9.9858,0.14839,0.00733,0.0148
157,0.108,9.9996,0.0114,9.8828,0.1,10.0027,0.0985,9.9879,0.15156,0.00855,0.01501
158,0.008,9.9997,-0.0951,9.8819,-0.0005,10.0018,-0.0019,9.988,0.15655,0.00871,0.01534
159,-0.092,9.9979,-0.1985,9.8791,-0.1006,10.0009,-0.1024,9.9861,0.15958,0.00909,0.01572
160,-0.1919,9.9941,-0.3,9.8742,-0.2006,9.9969,-0.2025,9.9822,0.16135,0.00911,0.01593
161,-0.2918,9.9882,-0.4003,9.8675,-0.3004,9.9903,-0.3026,9.9762,0.1623,0.00887,0.01618
162,-0.3915,9.9804,-0.4958,9.8591,-0.3998,9.9823,-0.4023,9.9683,0.16002,0.00855,0.01628
163,-0.491,9.9706,-0.5902,9.8484,-0.4982,9.9717,-0.5017,9.9583,0.15736,0.0073,0.01628
164,-0.5903,9.9588,-0.6951,9.8347,-0.5981,9.9603,-0.6011,9.9464,0.16239,0.00797,0.01642
165,-0.6893,9.945,-0.797,9.8191,-0.6977,9.9478,-0.7002,9.9324,0.16562,0.00884,0.01655
166,-0.7881,9.9292,-0.8955,9.8019,-0.7969,9.9321,-0.799,9.9165,0.1665,0.00929,0.01672
167,-0.8865,9.9114,-0.994,9.7829,-0.8939,9.913,-0.8975,9.8986,0.16759,0.00757,0.01688
168,-0.9845,9.8917,-1.0966,9.7611,-0.9923,9.8918,-0.9957,9.8788,0.17214,0.00777,0.01713
169,-1.0822,9.8701,-1.19,9.7393,-1.0903,9.8696,-1.0933,9.857,0.1695,0.00816,0.01716
170,-1.1793,9.8464,-1.2889,9.7141,-1.1873,9.8454,-1.1904,9.8332,0.17178,0.00804,0.01724
171,-1.276,9.8209,-1.3814,9.6888,-1.2851,9.8211,-1.287,9.8076,0.16897,0.0091,0.01723
172,-1.3722,9.7934,-1.4784,9.66,-1.3827,9.7953,-1.3831,9.7801,0.17054,0.01072,0.01725
173,-1.4677,9.764,-1.5715,9.6305,-1.4786,9.7668,-1.4786,9.7506,0.16908,0.01122,0.01726
174,-1.5627,9.7327,-1.6593,9.6007,-1.5729,9.7363,-1.5732,9.7193,0.16361,0.01081,0.01704
175,-1.657,9.6995,-1.7501,9.5681,-1.6663,9.7026,-1.6671,9.6862,0.16101,0.00977,0.0167
176,-1.7507,9.6644,-1.8449,9.5319,-1.7597,9.6673,-1.7606,9.6511,0.16263,0.00947,0.01662
177,-1.8436,9.6275,-1.9415,9.4925,-1.8537,9.6307,-1.8534,9.6141,0.16673,0.0106,0.01656
178,-1.9358,9.5887,-2.0333,9.453,-1.9463,9.5919,-1.9455,9.5752,0.16709,0.01101,0.0166
179,-2.0271,9.5481,-2.1243,9.4118,-2.0368,9.5504,-2.0368,9.5345,0.16734,0.00993,0.01666
180,-2.1177,9.5056,-2.216,9.3681,-2.1261,9.5074,-2.1274,9.492,0.16904,0.0086,0.01673
181,-2.2074,9.4613,-2.3078,9.3223,-2.2158,9.4629,-2.2172,9.4476,0.17154,0.00857,0.01686
182,-2.2961,9.4153,-2.3958,9.2759,-2.3057,9.418,-2.306,9.4015,0.17138,0.00993,0.01695
183,-2.384,9.3675,-2.4862,9.2257,-2.3937,9.3691,-2.3939,9.3536,0.17485,0.00986,0.01713
184,-2.4708,9.318,-2.5737,9.1749,-2.4807,9.3196,-2.4809,9.3039,0.17618,0.01,0.01731
185,-2.5567,9.2667,-2.6596,9.1228,-2.5667,9.2684,-2.5668,9.2525,0.17692,0.01016,0.01744
186,-2.6415,9.2137,-2.7442,9.0692,-2.6516,9.2156,-2.6517,9.1994,0.17725,0.01028,0.01757
187,-2.7252,9.159,-2.8336,9.01,-2.736,9.1606,-2.7357,9.1445,0.18428,0.01088,0.0179
188,-2.8079,9.1027,-2.9246,8.9468,-2.8195,9.1038,-2.8187,9.0878,0.19476,0.0117,0.01846
189,-2.8893,9.0447,-3.0092,8.8857,-2.9015,9.0457,-2.9007,9.0294,0.19914,0.0122,0.01908
190,-2.9696,8.9851,-3.0978,8.8189,-2.9827,8.9855,-2.9815,8.9693,0.20989,0.01307,0.01982
191,-3.0487,8.9239,-3.1732,8.7598,-3.0616,8.9247,-3.0609,8.9078,0.20598,0.01289,0.0202
192,-3.1266,8.8612,-3.2425,8.7034,-3.1387,8.8627,-3.1387,8.845,0.1958,0.0122,0.0202
193,-3.2032,8.7969,-3.316,8.6413,-3.2151,8.7988,-3.2151,8.7809,0.1922,0.01207,0.01998
194,-3.2785,8.7311,-3.3923,8.574,-3.2906,8.733,-3.2903,8.7151,0.19395,0.01229,0.01991
195,-3.3524,8.6638,-3.4692,8.5029,-3.365,8.6654,-3.3642,8.6477,0.19877,0.01269,0.01993
196,-3.425,8.595,-3.5381,8.4368,-3.4374,8.5971,-3.4367,8.5789,0.19447,0.01257,0.01985
197,-3.4962,8.5248,-3.6041,8.3707,-3.5082,8.5274,-3.5077,8.5088,0.1881,0.01227,0.01963
198,-3.566,8.4531,-3.6771,8.294,-3.5784,8.4554,-3.5774,8.4371,0.1941,0.0126,0.01967
199,-3.6343,8.3801,-3.7389,8.2266,-3.6463,8.3831,-3.6453,8.3643,0.18577,0.01232,0.01924
200,-3.7012,8.3058,-3.8044,8.1518,-3.7131,8.3088,-3.7119,8.2901,0.18537,0.01227,0.019
201,-3.7666,8.2301,-3.8635,8.0812,-3.778,8.2338,-3.7769,8.2147,0.17763,0.01201,0.01855
202,-3.8304,8.1531,-3.9262,8.0033,-3.8419,8.1568,-3.8404,8.1378,0.17782,0.01207,0.0183
203,-3.8927,8.0749,-3.986,7.926,-3.9041,8.0788,-3.9023,8.0598,0.17572,0.01206,0.01795
204,-3.9534,7.9954,-4.0423,7.8499,-3.9645,7.9998,-3.9627,7.9806,0.17054,0.01193,0.01751
205,-4.0125,7.9148,-4.1005,7.7678,-4.0237,7.9191,-4.0215,7.9,0.17127,0.012,0.01731
206,-4.07,7.8329,-4.1586,7.6821,-4.0814,7.837,-4.0788,7.8181,0.17493,0.01211,0.01725
207,-4.1258,7.75,-4.2091,7.6048,-4.1369,7.7547,-4.1344,7.7353,0.16736,0.01204,0.01702
208,-4.18,7.6659,-4.2627,7.5185,-4.1911,7.6706,-4.1883,7.6513,0.1691,0.01206,0.0168
209,-4.2325,7.5808,-4.3179,7.4259,-4.2441,7.5848,-4.2407,7.5659,0.1769,0.01231,0.01703
210,-4.2832,7.4946,-4.3702,7.3338,-4.2952,7.4981,-4.2915,7.4794,0.18284,0.01247,0.0173
211,-4.3322,7.4075,-4.4228,7.2369,-4.3447,7.4101,-4.3407,7.3917,0.19316,0.01273,0.01792
212,-4.3795,7.3194,-4.4678,7.149,-4.3919,7.3221,-4.388,7.303,0.19192,0.01268,0.01839
213,-4.425,7.2303,-4.5128,7.0561,-4.4376,7.2328,-4.4335,7.2136,0.19512,0.01282,0.01869
214,-4.4687,7.1404,-4.5524,6.9695,-4.4811,7.1432,-4.4771,7.1235,0.19025,0.01269,0.01882
215,-4.5106,7.0496,-4.5941,6.8728,-4.5231,7.0519,-4.5189,7.0323,0.19547,0.01268,0.01909
216,-4.5507,6.958,-4.6299,6.7858,-4.563,6.9609,-4.5587,6.9406,0.18948,0.01263,0.01908
217,-4.589,6.8656,-4.6661,6.694,-4.6012,6.8686,-4.5968,6.8482,0.18806,0.01262,0.019
218,-4.6253,6.7724,-4.7033,6.5932,-4.6378,6.7748,-4.6331,6.7548,0.19546,0.01269,0.01927
219,-4.6599,6.6786,-4.7387,6.491,-4.6726,6.6801,-4.6676,6.6605,0.20346,0.01284,0.01959
220,-4.6925,6.584,-4.7671,6.404,-4.705,6.5864,-4.7,6.5659,0.19486,0.01274,0.01963
221,-4.7232,6.4889,-4.7968,6.3065,-4.7359,6.4911,-4.7306,6.4706,0.19663,0.01288,0.0197
222,-4.752,6.3931,-4.8213,6.2203,-4.7644,6.3963,-4.7592,6.3751,0.18619,0.01276,0.0194
223,-4.7789,6.2968,-4.845,6.1298,-4.7912,6.3007,-4.7858,6.2793,0.17954,0.01286,0.01882
224,-4.8039,6.2,-4.8687,6.0308,-4.8162,6.2037,-4.8106,6.1825,0.18113,0.01284,0.01865
225,-4.8269,6.1027,-4.8897,5.9357,-4.8392,6.1066,-4.8334,6.0855,0.17838,0.01287,0.01829
226,-4.848,6.0049,-4.9094,5.8379,-4.8604,6.0089,-4.8543,5.988,0.17787,0.013,0.01805
227,-4.8671,5.9067,-4.9261,5.7444,-4.8794,5.9112,-4.8732,5.8901,0.17276,0.01304,0.0177
228,-4.8843,5.8082,-4.9413,5.6482,-4.8966,5.813,-4.8901,5.7919,0.16987,0.01319,0.01737
229,-4.8995,5.7094,-4.9549,5.5497,-4.9118,5.7142,-4.9051,5.6932,0.16906,0.01323,0.0171
230,-4.9127,5.6103,-4.9665,5.4531,-4.9251,5.6154,-4.9182,5.5943,0.1661,0.01344,0.01689
231,-4.9239,5.5109,-4.9778,5.3439,-4.9365,5.515,-4.9293,5.4948,0.17547,0.01326,0.01698
232,-4.9331,5.4113,-4.9857,5.2477,-4.9458,5.4158,-4.9384,5.3952,0.17183,0.01345,0.01692
233,-4.9404,5.3116,-4.9918,5.1485,-4.9531,5.3161,-4.9455,5.2955,0.17103,0.01352,0.0169
234,-4.9456,5.2117,-4.9961,5.0455,-4.9584,5.216,-4.9507,5.1955,0.17375,0.0135,0.01702
235,-4.9488,5.1118,-4.9981,4.9482,-4.9617,5.1163,-4.9538,5.0956,0.17088,0.01364,0.01695
236,-4.9501,5.0118,-4.9983,4.8495,-4.9631,5.0165,-4.9549,4.9957,0.16927,0.01386,0.01681
237,-4.9493,4.9118,-4.9971,4.7571,-4.9625,4.9172,-4.9541,4.896,0.16186,0.01426,0.01648
238,-4.9465,4.8118,-4.9931,4.649,-4.9598,4.8164,-4.9512,4.7959,0.16938,0.01402,0.01662
239,-4.9418,4.7119,-4.9874,4.5462,-4.9551,4.7162,-4.9464,4.6959,0.17185,0.01398,0.01667
240,-4.935,4.6122,-4.9786,4.4312,-4.9484,4.6149,-4.9395,4.5954,0.18614,0.01365,0.0173
241,-4.9263,4.5125,-4.9688,4.3323,-4.9397,4.5154,-4.9306,4.4954,0.18517,0.01372,0.01772
242,-4.9155,4.4131,-4.958,4.241,-4.9292,4.4167,-4.9198,4.396,0.17732,0.01412,0.01767
243,-4.9028,4.3139,-4.9449,4.1457,-4.9166,4.3179,-4.907,4.2968,0.17346,0.01434,0.01761
244,-4.8881,4.215,-4.93,4.05,-4.9021,4.2193,-4.8923,4.1982,0.17022,0.01463,0.01735
245,-4.8714,4.1164,-4.9114,3.9432,-4.8854,4.1198,-4.8755,4.0994,0.17777,0.01438,0.01747
246,-4.8528,4.0182,-4.8922,3.8451,-4.8669,4.0216,-4.8568,4.001,0.17748,0.01453,0.01765
247,-4.8322,3.9203,-4.8705,3.7471,-4.8464,3.9237,-4.8361,3.9031,0.17744,0.01463,0.01767
248,-4.8096,3.8229,-4.8455,3.6424,-4.8238,3.8255,-4.8134,3.8055,0.184,0.01444,0.01783
249,-4.7851,3.726,-4.8214,3.5507,-4.7995,3.729,-4.7888,3.7084,0.17897,0.01473,0.0179
250,-4.7586,3.6295,-4.7954,3.4587,-4.7733,3.6329,-4.7623,3.6121,0.17471,0.01504,0.01775
251,-4.7303,3.5336,-4.7651,3.3585,-4.7449,3.5366,-4.7338,3.5161,0.17851,0.01492,0.01785
252,-4.7,3.4383,-4.7362,3.2702,-4.7149,3.4419,-4.7035,3.4211,0.17199,0.01532,0.01758
253,-4.6678,3.3436,-4.7041,3.1789,-4.683,3.3475,-4.6713,3.3266,0.16867,0.01566,0.01739
254,-4.6338,3.2496,-4.6701,3.088,-4.6491,3.2537,-4.6373,3.2329,0.16567,0.01588,0.01704
255,-4.5978,3.1563,-4.6334,2.9947,-4.6133,3.1603,-4.6013,3.1399,0.16544,0.01599,0.0168
256,-4.56,3.0637,-4.5945,2.9011,-4.5755,3.0676,-4.5635,3.0474,0.16621,0.01596,0.01672
257,-4.5204,2.9719,-4.5548,2.8107,-4.5361,2.9758,-4.5238,2.9557,0.16489,0.0162,0.01661
258,-4.4789,2.8809,-4.5141,2.7225,-4.4949,2.885,-4.4824,2.8649,0.16233,0.01651,0.01637
259,-4.4356,2.7908,-4.4693,2.6303,-4.4516,2.7946,-4.4391,2.7748,0.16395,0.01643,0.01632
260,-4.3906,2.7015,-4.4236,2.5408,-4.4067,2.7052,-4.394,2.6856,0.1641,0.01657,0.0163
261,-4.3437,2.6132,-4.3803,2.46,-4.3603,2.6175,-4.3472,2.5975,0.15744,0.01716,0.01606
262,-4.2951,2.5258,-4.3327,2.3758,-4.312,2.5304,-4.2987,2.5104,0.15459,0.01753,0.01577
263,-4.2447,2.4394,-4.2837,2.2931,-4.2619,2.4442,-4.2484,2.4243,0.15137,0.01782,0.0155
264,-4.1927,2.354,-4.2355,2.2148,-4.2104,2.3595,-4.1966,2.3394,0.14559,0.01856,0.01507
265,-4.1389,2.2697,-4.1807,2.1296,-4.1567,2.2749,-4.143,2.2554,0.14613,0.01854,0.01481
266,-4.0835,2.1864,-4.1233,2.0439,-4.1013,2.1914,-4.0876,2.1723,0.14802,0.0185,0.01472
267,-4.0264,2.1043,-4.0665,1.962,-4.0444,2.1092,-4.0306,2.0903,0.1479,0.01866,0.01465
268,-3.9677,2.0234,-4.01,1.8835,-3.986,2.0283,-3.972,2.0095,0.14618,0.01898,0.01455
269,-3.9073,1.9436,-3.9525,1.807,-3.9262,1.9488,-3.9118,1.9299,0.14396,0.01955,0.01443
270,-3.8454,1.8651,-3.8879,1.7242,-3.8641,1.8697,-3.8499,1.8513,0.14716,0.01923,0.01451
271,-3.782,1.7878,-3.8222,1.6433,-3.8006,1.792,-3.7864,1.7739,0.14999,0.0191,0.01465
272,-3.717,1.7118,-3.7561,1.5648,-3.7356,1.7156,-3.7213,1.6977,0.15213,0.01902,0.0148
273,-3.6504,1.6372,-3.6981,1.4991,-3.6701,1.6417,-3.6551,1.6232,0.14605,0.02017,0.01468
274,-3.5825,1.5638,-3.6286,1.4232,-3.6021,1.5679,-3.5872,1.5499,0.14801,0.02006,0.01471
275,-3.513,1.4919,-3.5584,1.3494,-3.5328,1.4957,-3.5178,1.4779,0.14949,0.02015,0.01477
276,-3.4422,1.4213,-3.4878,1.278,-3.4621,1.4249,-3.4469,1.4072,0.1504,0.02027,0.01491
277,-3.3699,1.3522,-3.4119,1.2042,-3.3896,1.3552,-3.3746,1.3379,0.15383,0.01994,0.01507
278,-3.2963,1.2845,-3.3376,1.1348,-3.316,1.2872,-3.3008,1.27,0.1553,0.01992,0.01524
279,-3.2213,1.2184,-3.265,1.0696,-3.2414,1.2209,-3.2259,1.2037,0.155,0.02027,0.01536
280,-3.145,1.1537,-3.1878,1.003,-3.1652,1.1559,-3.1496,1.1389,0.15669,0.02031,0.01548
281,-3.0674,1.0906,-3.1098,0.9381,-3.0877,1.0925,-3.072,1.0756,0.15823,0.02034,0.01563
282,-2.9886,1.029,-3.028,0.8734,-3.0087,1.0304,-2.993,1.0138,0.16053,0.0201,0.01582
283,-2.9086,0.969,-2.9436,0.8092,-2.9284,0.9699,-2.9126,0.9535,0.1636,0.01979,0.01607
284,-2.8274,0.9107,-2.8711,0.7562,-2.8481,0.9119,-2.8316,0.8951,0.16047,0.02071,0.0161
285,-2.7451,0.8539,-2.7969,0.7041,-2.7667,0.8555,-2.7496,0.8385,0.15855,0.02168,0.01608
286,-2.6616,0.7989,-2.7139,0.6481,-2.6834,0.8001,-2.6664,0.7835,0.15958,0.02183,0.01608
287,-2.577,0.7455,-2.6284,0.5933,-2.5989,0.7464,-2.582,0.7301,0.16065,0.02187,0.01613
288,-2.4914,0.6938,-2.5396,0.5388,-2.5131,0.6943,-2.4964,0.6784,0.16235,0.02167,0.01622
289,-2.4048,0.6438,-2.4526,0.4872,-2.4265,0.644,-2.4098,0.6283,0.16378,0.02169,0.01632
290,-2.3172,0.5956,-2.3719,0.4417,-2.3397,0.5959,-2.3223,0.58,0.16336,0.02249,0.0164
291,-2.2287,0.5492,-2.2823,0.3937,-2.2511,0.5491,-2.2339,0.5335,0.16442,0.02244,0.01647
292,-2.1392,0.5045,-2.1904,0.3468,-2.1615,0.504,-2.1445,0.4888,0.16576,0.02231,0.01654
293,-2.0489,0.4616,-2.0994,0.3031,-2.0712,0.4609,-2.0541,0.4458,0.16632,0.02236,0.0166
294,-1.9577,0.4205,-2.0105,0.2627,-1.9803,0.4197,-1.9629,0.4047,0.16644,0.02264,0.01665
295,-1.8657,0.3813,-1.9149,0.2213,-1.888,0.38,-1.8708,0.3654,0.1674,0.02234,0.01672
296,-1.7729,0.3439,-1.8221,0.1831,-1.7954,0.3424,-1.7781,0.3279,0.16815,0.0225,0.01679
297,-1.6795,0.3084,-1.7267,0.1459,-1.7182,0.3031,-1.6845,0.2923,0.16917,0.03909,0.01687
298,-1.5853,0.2747,-1.6279,0.1098,-1.6081,0.2755,-1.59,0.2584,0.17035,0.02281,0.01698
299,-1.4905,0.243,-1.5346,0.0777,-1.5053,0.2401,-1.495,0.2265,0.1711,0.0151,0.01707
300,-1.395,0.2131,-1.4416,0.0475,-1.4247,0.2045,-1.3996,0.1966,0.17205,0.03089,0.01717
