step,ekf_x,ekf_y,theta_deg,sigma_xx,sigma_yy,sigma_yaw,event,obs_landmark,obs_range_m,obs_bearing_deg,sigma_xx_before,sigma_xx_after
0,-0.0238,-0.0131,0.48,0.048402,,,obs_L0,0,3.643,33.16,0.1,0.048402
1,0.0765,-0.0122,1.62,0.048403,0.069083,0.009254,predict,,,,,
1,0.0721,-0.0186,1.01,0.040112,,,obs_L0,0,3.566,34.22,0.048403,0.040112
2,0.1724,-0.0169,2.17,0.040088,0.06138,0.008139,predict,,,,,
2,0.1765,-0.0161,1.86,0.036688,,,obs_L0,0,3.46,34.29,0.040088,0.036688
3,0.2764,-0.0129,3.01,0.036621,0.055987,0.007754,predict,,,,,
3,0.288,-0.0024,3.29,0.034767,,,obs_L0,0,3.318,32.29,0.036621,0.034767
4,0.3887,0.0034,4.45,0.034629,0.051385,0.007564,predict,,,,,
4,0.4056,0.0128,4.34,0.033441,,,obs_L0,0,3.184,33.67,0.034629,0.033441
5,0.5051,0.0204,5.49,0.033254,0.047263,0.007463,predict,,,,,
5,0.4996,0.0177,5.53,0.032426,,,obs_L0,0,3.222,32.61,0.033254,0.032426
6,0.5989,0.0274,6.67,0.032181,0.043416,0.007409,predict,,,,,
6,0.596,0.028,6.78,0.031573,,,obs_L0,0,3.12,31.85,0.032181,0.031573
7,0.6954,0.0398,7.9,0.031267,0.039822,0.007367,predict,,,,,
7,0.6836,0.0318,7.88,0.030794,,,obs_L0,0,3.144,32.44,0.031267,0.030794
8,0.7818,0.0454,9.02,0.030441,0.036479,0.007335,predict,,,,,
8,0.7833,0.0458,8.99,0.03007,,,obs_L0,0,2.943,32.68,0.030441,0.03007
9,0.8816,0.0614,10.14,0.029666,0.033329,0.007303,predict,,,,,
9,0.8811,0.061,10.14,0.029364,,,obs_L0,0,2.878,32.32,0.029666,0.029364
10,0.979,0.0786,11.27,0.028909,0.03035,0.007279,predict,,,,,
10,0.9835,0.0814,11.27,0.028655,,,obs_L0,0,2.73,32.42,0.028909,0.028655
11,1.0823,0.1011,12.41,0.028146,0.027508,0.007259,predict,,,,,
11,1.0778,0.0965,12.35,0.027928,,,obs_L0,0,2.78,32.91,0.028146,0.027928
12,1.1755,0.1179,13.48,0.027378,0.024843,0.007246,predict,,,,,
12,1.171,0.1156,13.51,0.027194,,,obs_L0,0,2.681,31.87,0.027378,0.027194
13,1.268,0.1389,14.65,0.0266,0.022349,0.007232,predict,,,,,
13,1.272,0.1423,14.69,0.026439,,,obs_L0,0,2.468,32.15,0.0266,0.026439
14,1.3682,0.1675,15.84,0.025803,0.02002,0.007218,predict,,,,,
14,1.3699,0.1678,15.81,0.025656,,,obs_L0,0,2.436,32.96,0.025803,0.025656
15,1.4658,0.195,16.96,0.024978,0.017832,0.007208,predict,,,,,
15,1.4721,0.1985,16.94,0.024846,,,obs_L0,0,2.265,33.37,0.024978,0.024846
16,1.5675,0.2275,18.1,0.02413,0.015791,0.007201,predict,,,,,
16,1.5675,0.2288,18.13,0.024005,,,obs_L0,0,2.258,32.46,0.02413,0.024005
17,1.6626,0.2599,19.27,0.023249,0.013886,0.007197,predict,,,,,
17,1.663,0.2632,19.34,0.023131,,,obs_L0,0,2.132,32.03,0.023249,0.023131
18,1.7578,0.2965,20.47,0.022337,0.01212,0.007194,predict,,,,,
18,1.7563,0.2954,20.46,0.022222,,,obs_L0,0,2.14,33.36,0.022337,0.022222
19,1.8501,0.3304,21.59,0.021401,0.010502,0.007192,predict,,,,,
19,1.8512,0.3336,21.64,0.021295,,,obs_L0,0,1.952,32.99,0.021401,0.021295
20,1.9435,0.3703,22.79,0.020453,0.009035,0.007191,predict,,,,,
20,1.9466,0.3704,22.76,0.020346,,,obs_L0,0,1.917,35.19,0.020453,0.020346
21,2.0392,0.4093,23.91,0.019473,0.007689,0.00719,predict,,,,,
21,2.0374,0.4105,23.95,0.01937,,,obs_L0,0,1.839,33.97,0.019473,0.01937
22,2.1288,0.4511,25.09,0.018479,0.006482,0.007191,predict,,,,,
22,2.1289,0.4517,25.1,0.018379,,,obs_L0,0,1.759,35.37,0.018479,0.018379
23,2.2188,0.4938,26.24,0.017477,0.005413,0.007192,predict,,,,,
23,2.223,0.4983,26.27,0.017379,,,obs_L0,0,1.556,36.32,0.017477,0.017379
24,2.3125,0.5424,27.43,0.016459,0.004467,0.007193,UPDATE σ↓5.3%,,,,,
24,2.3139,0.5427,27.43,0.016352,,,obs_L0,0,1.6,37.72,0.016459,0.016352
25,2.4029,0.5888,28.55,0.015419,0.00364,0.007196,UPDATE σ↓5.7%,,,,,
25,2.4021,0.5859,28.52,0.015315,,,obs_L0,0,1.625,39.08,0.015419,0.015315
25,2.4184,0.5798,29.18,0.006608,,,obs_L1,1,4.944,14.21,0.015315,0.006608
26,2.5059,0.6286,30.32,0.006243,0.002011,0.002833,UPDATE σ↓5.5%,,,,,
26,2.5039,0.6245,30.34,0.006133,,,obs_L0,0,1.585,39.77,0.006243,0.006133
26,2.4999,0.626,30.17,0.00412,,,obs_L1,1,4.862,13.98,0.006133,0.00412
27,2.5861,0.6761,31.33,0.003902,0.001561,0.001758,UPDATE σ↓5.3%,,,,,
27,2.5856,0.6759,31.33,0.003799,,,obs_L0,0,1.39,41.16,0.003902,0.003799
27,2.5875,0.6762,31.38,0.002944,,,obs_L1,1,4.735,12.83,0.003799,0.002944
28,2.6733,0.7285,32.54,0.002791,0.001331,0.001269,UPDATE σ↓5.2%,,,,,
28,2.6722,0.7286,32.54,0.002693,,,obs_L0,0,1.305,42.68,0.002791,0.002693
28,2.6712,0.7299,32.46,0.00224,,,obs_L1,1,4.631,12.34,0.002693,0.00224
29,2.7553,0.7833,33.6,0.002127,0.001184,0.00099,UPDATE σ↓5.0%,,,,,
29,2.758,0.7843,33.6,0.002036,,,obs_L0,0,1.223,45.87,0.002127,0.002036
29,2.7577,0.7875,33.48,0.001766,,,obs_L1,1,4.437,12.02,0.002036,0.001766
30,2.8412,0.8428,34.64,0.001678,0.001078,0.000809,predict,,,,,
30,2.8368,0.84,34.64,0.001592,,,obs_L0,0,1.229,46.15,0.001678,0.001592
30,2.8373,0.8403,34.66,0.001419,,,obs_L1,1,4.454,10.29,0.001592,0.001419
31,2.9194,0.897,35.8,0.001349,0.000994,0.000682,predict,,,,,
31,2.9183,0.8983,35.79,0.001273,,,obs_L0,0,1.031,49.57,0.001349,0.001273
31,2.9156,0.8997,35.6,0.001157,,,obs_L1,1,4.317,10.6,0.001273,0.001157
32,2.9965,0.9576,36.73,0.001101,0.000925,0.000589,predict,,,,,
32,2.9985,0.9576,36.74,0.001032,,,obs_L0,0,1.087,53.83,0.001101,0.001032
32,2.9995,0.957,36.82,0.000952,,,obs_L1,1,4.31,8.03,0.001032,0.000952
33,3.0799,1.0171,37.98,0.000906,0.000863,0.000517,predict,,,,,
33,3.0804,1.0181,37.98,0.000846,,,obs_L0,0,0.957,56.9,0.000906,0.000846
33,3.0801,1.019,37.92,0.00079,,,obs_L1,1,4.114,8.14,0.000846,0.00079
33,3.0806,1.019,37.94,0.000706,,,obs_L3,3,4.912,-38.26,0.00079,0.000706
34,3.1594,1.0805,39.1,0.000677,0.000801,0.000392,predict,,,,,
34,3.1598,1.0801,39.1,0.000629,,,obs_L0,0,0.968,60.86,0.000677,0.000629
34,3.1587,1.0801,39.02,0.000602,,,obs_L1,1,4.058,7.44,0.000629,0.000602
34,3.1586,1.08,39.0,0.000555,,,obs_L3,3,4.792,-39.56,0.000602,0.000555
35,3.2365,1.143,40.13,0.000536,0.000738,0.000317,predict,,,,,
35,3.2358,1.1418,40.15,0.000498,,,obs_L0,0,0.917,64.92,0.000536,0.000498
35,3.2365,1.1418,40.21,0.000482,,,obs_L1,1,3.993,5.08,0.000498,0.000482
35,3.236,1.1418,40.2,0.000454,,,obs_L3,3,4.816,-41.94,0.000482,0.000454
36,3.3125,1.2065,41.36,0.000441,0.000674,0.000267,predict,,,,,
36,3.3133,1.2081,41.34,0.000412,,,obs_L0,0,0.824,70.67,0.000441,0.000412
36,3.3142,1.2087,41.41,0.000403,,,obs_L1,1,3.842,4.0,0.000412,0.000403
36,3.3142,1.2084,41.38,0.000384,,,obs_L3,3,4.618,-43.44,0.000403,0.000384
37,3.3892,1.2745,42.55,0.000376,0.000609,0.00023,predict,,,,,
37,3.3902,1.2773,42.52,0.000354,,,obs_L0,0,0.758,76.5,0.000376,0.000354
37,3.39,1.2778,42.45,0.000349,,,obs_L1,1,3.674,4.76,0.000354,0.000349
37,3.3898,1.2777,42.45,0.000336,,,obs_L3,3,4.634,-45.85,0.000349,0.000336
38,3.4627,1.3444,43.6,0.000331,0.000544,0.000202,predict,,,,,
38,3.4624,1.3444,43.6,0.000316,,,obs_L0,0,0.775,81.51,0.000331,0.000316
38,3.4621,1.344,43.56,0.000313,,,obs_L1,1,3.676,3.38,0.000316,0.000313
38,3.4619,1.344,43.55,0.000304,,,obs_L3,3,4.56,-47.76,0.000313,0.000304
39,3.5344,1.4129,44.69,0.0003,0.000482,0.000179,predict,,,,,
39,3.534,1.4122,44.7,0.000291,,,obs_L0,0,0.775,87.26,0.0003,0.000291
39,3.5342,1.4126,44.75,0.000289,,,obs_L1,1,3.594,0.69,0.000291,0.000289
39,3.5343,1.4122,44.73,0.000282,,,obs_L3,3,4.421,-49.51,0.000289,0.000282
40,3.6054,1.4826,45.85,0.00028,0.000426,0.000161,predict,,,,,
40,3.6051,1.4817,45.86,0.000274,,,obs_L0,0,0.804,93.26,0.00028,0.000274
40,3.6051,1.4816,45.85,0.000273,,,obs_L1,1,3.479,0.78,0.000274,0.000273
40,3.6055,1.4818,45.88,0.000267,,,obs_L3,3,4.397,-52.52,0.000273,0.000267
41,3.675,1.5535,47.03,0.000267,0.000378,0.000146,predict,,,,,
41,3.6747,1.5519,47.05,0.000263,,,obs_L0,0,0.817,98.76,0.000267,0.000263
41,3.6747,1.5524,47.09,0.000262,,,obs_L1,1,3.399,-1.53,0.000263,0.000262
41,3.6742,1.5522,47.07,0.000258,,,obs_L3,3,4.415,-53.98,0.000262,0.000258
42,3.7428,1.626,48.21,0.000259,0.000339,0.000133,predict,,,,,
42,3.743,1.627,48.19,0.000256,,,obs_L0,0,0.842,105.58,0.000259,0.000256
42,3.7427,1.6261,48.16,0.000256,,,obs_L1,1,3.362,-1.13,0.000256,0.000256
42,3.7435,1.6264,48.2,0.000252,,,obs_L3,3,4.214,-57.21,0.000256,0.000252
43,3.8099,1.7006,49.34,0.000254,0.000309,0.000123,predict,,,,,
43,3.8097,1.7006,49.34,0.000252,,,obs_L0,0,0.829,110.33,0.000254,0.000252
43,3.8096,1.7008,49.35,0.000252,,,obs_L1,1,3.204,-3.33,0.000252,0.000252
43,3.8096,1.701,49.37,0.000249,,,obs_L3,3,4.261,-59.18,0.000252,0.000249
44,3.8751,1.7772,50.52,0.000252,0.000287,0.000114,predict,,,,,
44,3.8747,1.7758,50.54,0.00025,,,obs_L0,0,0.87,114.34,0.000252,0.00025
44,3.8748,1.7765,50.57,0.000249,,,obs_L1,1,3.032,-4.93,0.00025,0.000249
44,3.8748,1.7759,50.54,0.000247,,,obs_L3,3,4.152,-60.46,0.000249,0.000247
45,3.9382,1.8529,51.69,0.000251,0.000271,0.000106,predict,,,,,
45,3.9381,1.8554,51.65,0.000249,,,obs_L0,0,0.899,120.99,0.000251,0.000249
45,3.938,1.8552,51.64,0.000248,,,obs_L1,1,3.003,-5.34,0.000249,0.000248
45,3.9381,1.8548,51.62,0.000246,,,obs_L3,3,4.11,-63.01,0.000248,0.000246
46,4.0002,1.9332,52.78,0.000251,0.000262,0.0001,predict,,,,,
46,4.0,1.9332,52.78,0.00025,,,obs_L0,0,0.971,123.4,0.000251,0.00025
46,3.9994,1.9326,52.77,0.000248,,,obs_L1,1,3.007,-6.83,0.00025,0.000248
46,3.9991,1.9329,52.78,0.000246,,,obs_L3,3,4.167,-66.21,0.000248,0.000246
47,4.0594,2.0122,53.92,0.000252,0.000256,9.4e-05,predict,,,,,
47,4.0594,2.0135,53.9,0.00025,,,obs_L0,0,1.056,-232.27,0.000252,0.00025
47,4.0599,2.0129,53.86,0.000249,,,obs_L1,1,2.749,-7.13,0.00025,0.000249
47,4.0597,2.0131,53.87,0.000247,,,obs_L3,3,4.105,-68.56,0.000249,0.000247
48,4.1186,2.0937,55.0,0.000253,0.000254,8.9e-05,predict,,,,,
48,4.1188,2.0943,54.99,0.000252,,,obs_L0,0,1.152,-229.77,0.000253,0.000252
48,4.1183,2.0947,55.03,0.00025,,,obs_L1,1,2.712,-10.51,0.000252,0.00025
48,4.1185,2.0947,55.03,0.000248,,,obs_L3,3,3.997,-70.85,0.00025,0.000248
49,4.1759,2.1768,56.18,0.000255,0.000255,8.5e-05,predict,,,,,
49,4.1759,2.177,56.17,0.000254,,,obs_L0,0,1.183,-227.4,0.000255,0.000254
49,4.1756,2.1774,56.2,0.000251,,,obs_L1,1,2.591,-11.9,0.000254,0.000251
49,4.1754,2.1771,56.18,0.00025,,,obs_L3,3,4.02,-72.85,0.000251,0.00025
50,4.231,2.2602,57.33,0.000257,0.000258,8.2e-05,predict,,,,,
50,4.2312,2.2607,57.32,0.000255,,,obs_L0,0,1.285,-224.91,0.000257,0.000255
50,4.2311,2.2603,57.3,0.000253,,,obs_L1,1,2.526,-12.46,0.000255,0.000253
50,4.2313,2.2609,57.33,0.000251,,,obs_L3,3,3.97,-76.68,0.000253,0.000251
51,4.2849,2.3445,58.47,0.000259,0.000262,7.8e-05,predict,,,,,
51,4.285,2.3445,58.47,0.000258,,,obs_L0,0,1.35,-223.47,0.000259,0.000258
51,4.2846,2.3449,58.5,0.000255,,,obs_L1,1,2.401,-15.13,0.000258,0.000255
51,4.2848,2.3443,58.47,0.000253,,,obs_L3,3,3.896,-77.68,0.000255,0.000253
52,4.337,2.4294,59.61,0.000262,0.000267,7.6e-05,predict,,,,,
52,4.337,2.4296,59.6,0.00026,,,obs_L0,0,1.401,-221.53,0.000262,0.00026
52,4.337,2.4295,59.6,0.000257,,,obs_L1,1,2.292,-16.15,0.00026,0.000257
52,4.3368,2.4297,59.61,0.000255,,,obs_L3,3,3.978,-81.15,0.000257,0.000255
53,4.3873,2.5159,60.76,0.000264,0.000273,7.3e-05,predict,,,,,
53,4.3874,2.5156,60.77,0.000262,,,obs_L0,0,1.483,-220.74,0.000264,0.000262
53,4.3874,2.5158,60.77,0.000259,,,obs_L1,1,2.173,-18.21,0.000262,0.000259
53,4.3874,2.516,60.77,0.000257,,,obs_L3,3,3.928,-83.72,0.000259,0.000257
54,4.4367,2.604,61.92,0.000266,0.00028,7.1e-05,predict,,,,,
54,4.4371,2.6039,61.93,0.000264,,,obs_L0,0,1.619,-219.74,0.000266,0.000264
54,4.4371,2.604,61.94,0.000261,,,obs_L1,1,2.09,-20.28,0.000264,0.000261
54,4.4367,2.6039,61.93,0.000259,,,obs_L3,3,3.979,-85.93,0.000261,0.000259
55,4.4838,2.6922,63.08,0.000269,0.000287,6.9e-05,predict,,,,,
55,4.4841,2.6918,63.09,0.000267,,,obs_L0,0,1.686,-219.01,0.000269,0.000267
55,4.4844,2.6912,63.07,0.000263,,,obs_L1,1,2.019,-21.64,0.000267,0.000263
55,4.4847,2.6912,63.05,0.00026,,,obs_L2,2,4.981,57.52,0.000263,0.00026
55,4.4847,2.6906,63.03,0.000259,,,obs_L3,3,3.875,-87.85,0.00026,0.000259
56,4.5296,2.7788,64.17,0.000268,0.000292,6.6e-05,predict,,,,,
56,4.5304,2.7793,64.18,0.000266,,,obs_L0,0,1.829,-217.45,0.000268,0.000266
56,4.5309,2.7787,64.15,0.000262,,,obs_L1,1,1.891,-23.59,0.000266,0.000262
56,4.5309,2.7783,64.15,0.00026,,,obs_L2,2,5.002,56.44,0.000262,0.00026
56,4.531,2.7783,64.16,0.000259,,,obs_L3,3,3.879,-91.43,0.00026,0.000259
57,4.5746,2.8684,65.33,0.000268,0.000298,6.3e-05,predict,,,,,
57,4.5741,2.8677,65.34,0.000266,,,obs_L0,0,1.728,-216.98,0.000268,0.000266
57,4.5742,2.8683,65.35,0.000262,,,obs_L1,1,1.773,-27.31,0.000266,0.000262
57,4.5743,2.8683,65.35,0.000259,,,obs_L2,2,4.867,56.71,0.000262,0.000259
57,4.574,2.8688,65.37,0.000258,,,obs_L3,3,3.981,-94.46,0.000259,0.000258
58,4.6157,2.9596,66.51,0.000267,0.000304,6.1e-05,predict,,,,,
58,4.616,2.9598,66.52,0.000265,,,obs_L0,0,1.926,-215.91,0.000267,0.000265
58,4.6162,2.9594,66.5,0.000261,,,obs_L1,1,1.732,-29.13,0.000265,0.000261
58,4.6162,2.9597,66.5,0.000258,,,obs_L2,2,4.758,56.64,0.000261,0.000258
58,4.6161,2.9595,66.49,0.000257,,,obs_L3,3,3.919,-96.21,0.000258,0.000257
59,4.656,3.0512,67.62,0.000266,0.000309,5.9e-05,predict,,,,,
59,4.6561,3.052,67.6,0.000264,,,obs_L0,0,1.973,-213.81,0.000266,0.000264
59,4.6562,3.0524,67.61,0.00026,,,obs_L1,1,1.616,-32.68,0.000264,0.00026
59,4.6559,3.0525,67.62,0.000258,,,obs_L2,2,4.728,55.96,0.00026,0.000258
59,4.6559,3.0519,67.6,0.000256,,,obs_L3,3,3.892,-98.41,0.000258,0.000256
59,4.6555,3.0514,67.61,0.000254,,,obs_L4,4,5.034,18.06,0.000256,0.000254
60,4.6938,3.1444,68.76,0.000262,0.000311,5.6e-05,predict,,,,,
60,4.6935,3.1442,68.76,0.000261,,,obs_L0,0,1.999,-214.48,0.000262,0.000261
60,4.6938,3.1439,68.75,0.000257,,,obs_L1,1,1.537,-35.12,0.000261,0.000257
60,4.6933,3.1437,68.77,0.000254,,,obs_L2,2,4.715,55.28,0.000257,0.000254
60,4.6928,3.1431,68.75,0.000253,,,obs_L3,3,4.018,-100.64,0.000254,0.000253
60,4.6927,3.1433,68.75,0.000251,,,obs_L4,4,4.838,17.39,0.000253,0.000251
61,4.7291,3.2369,69.89,0.000259,0.000313,5.3e-05,predict,,,,,
61,4.7292,3.237,69.89,0.000257,,,obs_L0,0,2.138,-214.16,0.000259,0.000257
61,4.7294,3.2356,69.85,0.000254,,,obs_L1,1,1.517,-37.71,0.000257,0.000254
61,4.7291,3.2354,69.87,0.000251,,,obs_L2,2,4.641,55.57,0.000254,0.000251
61,4.7294,3.2356,69.87,0.00025,,,obs_L3,3,3.893,-104.65,0.000251,0.00025
61,4.7299,3.2356,69.85,0.000247,,,obs_L4,4,4.771,17.86,0.00025,0.000247
62,4.7646,3.3302,70.98,0.000255,0.000314,5.1e-05,predict,,,,,
62,4.7644,3.33,70.98,0.000254,,,obs_L0,0,2.181,-213.91,0.000255,0.000254
62,4.7646,3.3293,70.96,0.000251,,,obs_L1,1,1.407,-41.88,0.000254,0.000251
62,4.7646,3.3286,70.97,0.000248,,,obs_L2,2,4.721,55.61,0.000251,0.000248
62,4.7645,3.3282,70.96,0.000247,,,obs_L3,3,3.963,-106.17,0.000248,0.000247
62,4.7649,3.328,70.94,0.000244,,,obs_L4,4,4.712,17.1,0.000247,0.000244
63,4.7977,3.4228,72.11,0.000252,0.000314,5e-05,predict,,,,,
63,4.7979,3.4229,72.11,0.00025,,,obs_L0,0,2.32,-213.99,0.000252,0.00025
63,4.7977,3.4222,72.1,0.000248,,,obs_L1,1,1.365,-45.98,0.00025,0.000248
63,4.7979,3.4221,72.09,0.000245,,,obs_L2,2,4.58,56.1,0.000248,0.000245
63,4.7976,3.4218,72.09,0.000244,,,obs_L3,3,4.071,-108.61,0.000245,0.000244
63,4.7975,3.4214,72.08,0.000241,,,obs_L4,4,4.651,15.61,0.000244,0.000241
64,4.8281,3.516,73.22,0.000249,0.000312,4.9e-05,predict,,,,,
64,4.8281,3.516,73.22,0.000247,,,obs_L0,0,2.366,-213.5,0.000249,0.000247
64,4.8276,3.5166,73.24,0.000245,,,obs_L1,1,1.33,-51.51,0.000247,0.000245
64,4.8274,3.5164,73.24,0.000242,,,obs_L2,2,4.502,55.5,0.000245,0.000242
64,4.8272,3.5161,73.23,0.000241,,,obs_L3,3,4.054,-111.03,0.000242,0.000241
64,4.8272,3.516,73.24,0.000238,,,obs_L4,4,4.495,14.46,0.000241,0.000238
65,4.856,3.6118,74.38,0.000246,0.000309,4.8e-05,predict,,,,,
65,4.8556,3.6115,74.37,0.000244,,,obs_L0,0,2.39,-213.02,0.000246,0.000244
65,4.8554,3.6099,74.35,0.000242,,,obs_L1,1,1.241,-54.64,0.000244,0.000242
65,4.8554,3.61,74.35,0.000239,,,obs_L2,2,4.413,55.77,0.000242,0.000239
65,4.8552,3.6097,74.34,0.000239,,,obs_L3,3,4.103,-113.31,0.000239,0.000239
65,4.8552,3.6097,74.34,0.000236,,,obs_L4,4,4.383,13.77,0.000239,0.000236
66,4.882,3.7053,75.49,0.000243,0.000304,4.7e-05,predict,,,,,
66,4.8822,3.7055,75.48,0.000241,,,obs_L0,0,2.573,-213.24,0.000243,0.000241
66,4.8824,3.7061,75.49,0.00024,,,obs_L1,1,1.133,-61.02,0.000241,0.00024
66,4.882,3.7056,75.5,0.000236,,,obs_L2,2,4.426,54.99,0.00024,0.000236
66,4.8821,3.7059,75.51,0.000236,,,obs_L3,3,4.139,-117.02,0.000236,0.000236
66,4.8814,3.7054,75.53,0.000233,,,obs_L4,4,4.351,11.91,0.000236,0.000233
67,4.9062,3.8017,76.68,0.00024,0.000298,4.7e-05,predict,,,,,
67,4.9061,3.8016,76.68,0.000238,,,obs_L0,0,2.599,-213.08,0.00024,0.000238
67,4.9057,3.802,76.69,0.000237,,,obs_L1,1,1.189,-66.83,0.000238,0.000237
67,4.9062,3.8025,76.67,0.000233,,,obs_L2,2,4.289,56.61,0.000237,0.000233
67,4.9067,3.803,76.69,0.000233,,,obs_L3,3,4.106,-120.25,0.000233,0.000233
67,4.9064,3.8028,76.7,0.00023,,,obs_L4,4,4.216,11.65,0.000233,0.00023
68,4.9293,3.8997,77.86,0.000237,0.00029,4.6e-05,predict,,,,,
68,4.929,3.8995,77.86,0.000235,,,obs_L0,0,2.66,-212.87,0.000237,0.000235
68,4.9291,3.9005,77.87,0.000233,,,obs_L1,1,1.088,-73.17,0.000235,0.000233
68,4.9293,3.9009,77.86,0.00023,,,obs_L2,2,4.197,55.99,0.000233,0.00023
68,4.9292,3.9011,77.87,0.00023,,,obs_L3,3,4.26,-121.38,0.00023,0.00023
68,4.9286,3.9004,77.88,0.000226,,,obs_L4,4,4.188,10.47,0.00023,0.000226
69,4.9495,3.9978,79.02,0.000234,0.000281,4.6e-05,predict,,,,,
69,4.9491,3.9972,79.03,0.000232,,,obs_L0,0,2.719,-213.7,0.000234,0.000232
69,4.9492,3.9975,79.03,0.00023,,,obs_L1,1,1.048,-79.07,0.000232,0.00023
69,4.9493,3.9976,79.03,0.000226,,,obs_L2,2,4.193,55.67,0.00023,0.000226
69,4.9493,3.9972,79.02,0.000226,,,obs_L3,3,4.218,-122.79,0.000226,0.000226
69,4.9497,3.9974,79.01,0.000223,,,obs_L4,4,3.994,10.85,0.000226,0.000223
70,4.9688,4.0959,80.14,0.00023,0.000272,4.6e-05,predict,,,,,
70,4.9689,4.0961,80.13,0.000229,,,obs_L0,0,2.896,-213.09,0.00023,0.000229
70,4.9688,4.0962,80.14,0.000226,,,obs_L1,1,1.065,-85.54,0.000229,0.000226
70,4.9693,4.0964,80.12,0.000222,,,obs_L2,2,4.182,56.22,0.000226,0.000222
70,4.9693,4.0964,80.12,0.000222,,,obs_L3,3,4.346,-125.46,0.000222,0.000222
70,4.9697,4.0966,80.1,0.000219,,,obs_L4,4,3.895,10.15,0.000222,0.000219
71,4.9869,4.1952,81.26,0.000226,0.000264,4.6e-05,predict,,,,,
71,4.9868,4.1953,81.25,0.000225,,,obs_L0,0,2.929,-212.4,0.000226,0.000225
71,4.9874,4.1971,81.26,0.000221,,,obs_L1,1,1.032,-93.29,0.000225,0.000221
71,4.9871,4.1969,81.27,0.000218,,,obs_L2,2,4.1,55.08,0.000221,0.000218
71,4.987,4.1972,81.28,0.000218,,,obs_L3,3,4.438,-128.44,0.000218,0.000218
71,4.9863,4.1971,81.3,0.000214,,,obs_L4,4,3.778,7.34,0.000218,0.000214
72,5.0013,4.2952,82.45,0.000222,0.000257,4.7e-05,predict,,,,,
72,5.0012,4.2947,82.47,0.000221,,,obs_L0,0,3.024,-214.94,0.000222,0.000221
72,5.0015,4.2943,82.47,0.000217,,,obs_L1,1,0.964,-98.68,0.000221,0.000217
72,5.0017,4.2943,82.46,0.000214,,,obs_L2,2,4.077,55.74,0.000217,0.000214
72,5.0018,4.2942,82.46,0.000213,,,obs_L3,3,4.41,-130.25,0.000214,0.000213
72,5.0014,4.2941,82.48,0.00021,,,obs_L4,4,3.702,6.84,0.000213,0.00021
73,5.0145,4.3934,83.63,0.000218,0.000252,4.7e-05,predict,,,,,
73,5.0148,4.394,83.62,0.000217,,,obs_L0,0,3.206,-213.18,0.000218,0.000217
73,5.015,4.3942,83.62,0.000213,,,obs_L1,1,1.052,-105.58,0.000217,0.000213
73,5.0143,4.3937,83.65,0.000209,,,obs_L2,2,3.992,54.36,0.000213,0.000209
73,5.0143,4.3938,83.65,0.000209,,,obs_L3,3,4.511,-132.73,0.000209,0.000209
73,5.0143,4.3941,83.66,0.000206,,,obs_L4,4,3.553,6.4,0.000209,0.000206
74,5.0253,4.4928,84.79,0.000213,0.00025,4.7e-05,predict,,,,,
74,5.0257,4.4935,84.78,0.000213,,,obs_L0,0,3.304,-213.47,0.000213,0.000213
74,5.0257,4.4932,84.77,0.000209,,,obs_L1,1,1.066,-111.46,0.000213,0.000209
74,5.0262,4.4932,84.76,0.000205,,,obs_L2,2,3.996,56.12,0.000209,0.000205
74,5.0262,4.4933,84.77,0.000205,,,obs_L3,3,4.594,-134.77,0.000205,0.000205
74,5.0263,4.4932,84.76,0.000201,,,obs_L4,4,3.538,5.83,0.000205,0.000201
75,5.0354,4.593,85.91,0.000209,0.000251,4.7e-05,predict,,,,,
75,5.0356,4.5934,85.9,0.000209,,,obs_L0,0,3.343,-213.65,0.000209,0.000209
75,5.0357,4.5941,85.91,0.000205,,,obs_L1,1,1.188,-117.93,0.000209,0.000205
75,5.0359,4.5939,85.91,0.000202,,,obs_L2,2,3.936,55.78,0.000205,0.000202
75,5.0357,4.5944,85.92,0.000202,,,obs_L3,3,4.765,-136.82,0.000202,0.000202
75,5.0356,4.594,85.91,0.000198,,,obs_L4,4,3.491,4.74,0.000202,0.000198
76,5.0428,4.6938,87.06,0.000206,0.000254,4.7e-05,predict,,,,,
76,5.0426,4.6936,87.07,0.000205,,,obs_L0,0,3.349,-214.49,0.000206,0.000205
76,5.0426,4.6933,87.07,0.000202,,,obs_L1,1,1.169,-122.81,0.000205,0.000202
76,5.0425,4.6931,87.07,0.000199,,,obs_L2,2,3.841,55.43,0.000202,0.000199
76,5.0425,4.6929,87.06,0.000198,,,obs_L3,3,4.733,-137.18,0.000199,0.000198
76,5.0426,4.6924,87.05,0.000194,,,obs_L4,4,3.391,3.87,0.000198,0.000194
77,5.0477,4.7919,88.2,0.000203,0.000259,4.8e-05,predict,,,,,
77,5.0477,4.792,88.2,0.000202,,,obs_L0,0,3.466,-214.36,0.000203,0.000202
77,5.048,4.7929,88.21,0.000199,,,obs_L1,1,1.273,-128.66,0.000202,0.000199
77,5.0474,4.7925,88.23,0.000196,,,obs_L2,2,3.747,54.92,0.000199,0.000196
77,5.0473,4.7926,88.22,0.000196,,,obs_L3,3,4.83,-139.97,0.000196,0.000196
77,5.048,4.7928,88.2,0.000192,,,obs_L4,4,3.18,3.49,0.000196,0.000192
78,5.0511,4.8929,89.34,0.0002,0.000265,4.8e-05,predict,,,,,
78,5.0509,4.8923,89.36,0.000199,,,obs_L0,0,3.486,-215.5,0.0002,0.000199
78,5.0506,4.8919,89.35,0.000197,,,obs_L1,1,1.318,-132.07,0.000199,0.000197
78,5.0507,4.8915,89.35,0.000194,,,obs_L2,2,3.789,55.75,0.000197,0.000194
78,5.0506,4.8918,89.36,0.000194,,,obs_L3,3,4.941,-142.26,0.000194,0.000194
78,5.0509,4.8919,89.35,0.000189,,,obs_L4,4,3.096,2.03,0.000194,0.000189
79,5.052,4.9928,90.5,0.000198,0.000273,4.8e-05,predict,,,,,
79,5.0521,4.9928,90.51,0.000197,,,obs_L0,0,3.663,-215.81,0.000198,0.000197
79,5.0516,4.9924,90.51,0.000195,,,obs_L1,1,1.45,-136.09,0.000197,0.000195
79,5.0515,4.9926,90.5,0.000192,,,obs_L2,2,3.618,56.39,0.000195,0.000192
79,5.0515,4.9927,90.5,0.000192,,,obs_L3,3,4.991,-143.94,0.000192,0.000192
79,5.0512,4.9929,90.51,0.000187,,,obs_L4,4,2.977,0.04,0.000192,0.000187
80,5.0503,5.0923,91.67,0.000196,0.000282,4.8e-05,predict,,,,,
80,5.0503,5.0925,91.66,0.000195,,,obs_L0,0,3.711,-214.5,0.000196,0.000195
80,5.0503,5.0929,91.66,0.000193,,,obs_L1,1,1.478,-140.94,0.000195,0.000193
80,5.0497,5.092,91.69,0.000191,,,obs_L2,2,3.633,54.71,0.000193,0.000191
80,5.0489,5.0916,91.71,0.000186,,,obs_L4,4,2.962,-1.7,0.000191,0.000186
81,5.0459,5.1911,92.87,0.000195,0.000293,4.8e-05,predict,,,,,
81,5.0459,5.1908,92.88,0.000194,,,obs_L0,0,3.777,-216.09,0.000195,0.000194
81,5.0458,5.19,92.87,0.000193,,,obs_L1,1,1.465,-143.58,0.000194,0.000193
81,5.0459,5.1903,92.86,0.00019,,,obs_L2,2,3.517,56.74,0.000193,0.00019
81,5.0461,5.1903,92.86,0.000185,,,obs_L4,4,2.802,-1.6,0.00019,0.000185
82,5.0411,5.2908,93.99,0.000194,0.000304,4.9e-05,predict,,,,,
82,5.0411,5.2906,94.0,0.000193,,,obs_L0,0,3.881,-216.47,0.000194,0.000193
82,5.0411,5.2912,94.01,0.000192,,,obs_L1,1,1.662,-147.75,0.000193,0.000192
82,5.0407,5.2914,94.02,0.000189,,,obs_L2,2,3.408,56.52,0.000192,0.000189
82,5.0411,5.2909,94.0,0.000184,,,obs_L4,4,2.78,-2.6,0.000189,0.000184
83,5.0341,5.3912,95.15,0.000193,0.000316,4.9e-05,predict,,,,,
83,5.0341,5.391,95.16,0.000193,,,obs_L0,0,3.941,-216.24,0.000193,0.000193
83,5.0337,5.3902,95.14,0.000192,,,obs_L1,1,1.681,-149.24,0.000193,0.000192
83,5.034,5.3903,95.13,0.000189,,,obs_L2,2,3.452,57.27,0.000192,0.000189
83,5.0341,5.3899,95.13,0.000184,,,obs_L4,4,2.656,-4.22,0.000189,0.000184
84,5.0252,5.4899,96.3,0.000193,0.000327,5e-05,predict,,,,,
84,5.0251,5.4899,96.3,0.000192,,,obs_L0,0,4.027,-216.46,0.000193,0.000192
84,5.0252,5.4899,96.3,0.000191,,,obs_L1,1,1.781,-153.18,0.000192,0.000191
84,5.0254,5.4899,96.29,0.000189,,,obs_L2,2,3.416,57.33,0.000191,0.000189
84,5.0254,5.4896,96.29,0.000183,,,obs_L4,4,2.542,-5.72,0.000189,0.000183
85,5.0144,5.5889,97.43,0.000192,0.000337,5e-05,predict,,,,,
85,5.0144,5.5887,97.45,0.000192,,,obs_L0,0,4.124,-217.82,0.000192,0.000192
85,5.0142,5.589,97.45,0.000191,,,obs_L1,1,1.92,-155.49,0.000192,0.000191
85,5.0138,5.5879,97.48,0.000189,,,obs_L2,2,3.376,55.94,0.000191,0.000189
85,5.0138,5.5871,97.48,0.000183,,,obs_L4,4,2.51,-7.14,0.000189,0.000183
86,5.0008,5.6858,98.61,0.000192,0.000348,5e-05,predict,,,,,
86,5.001,5.6861,98.62,0.000192,,,obs_L0,0,4.257,-217.6,0.000192,0.000192
86,5.001,5.6868,98.63,0.000191,,,obs_L1,1,1.997,-158.64,0.000192,0.000191
86,5.0014,5.6877,98.6,0.000189,,,obs_L2,2,3.242,59.03,0.000191,0.000189
86,5.0016,5.6878,98.6,0.000183,,,obs_L4,4,2.297,-8.38,0.000189,0.000183
87,4.9866,5.7866,99.75,0.000192,0.000357,5e-05,predict,,,,,
87,4.9867,5.7871,99.74,0.000192,,,obs_L0,0,4.325,-217.06,0.000192,0.000192
87,4.9867,5.7871,99.74,0.000191,,,obs_L1,1,2.067,-160.01,0.000192,0.000191
87,4.9872,5.7867,99.73,0.000189,,,obs_L2,2,3.342,58.26,0.000191,0.000189
87,4.9878,5.7866,99.71,0.000182,,,obs_L4,4,2.218,-9.43,0.000189,0.000182
88,4.9709,5.8853,100.87,0.000191,0.000367,5e-05,predict,,,,,
88,4.971,5.886,100.86,0.000191,,,obs_L0,0,4.417,-217.01,0.000191,0.000191
88,4.971,5.8867,100.87,0.000191,,,obs_L1,1,2.185,-162.92,0.000191,0.000191
88,4.9712,5.886,100.87,0.000189,,,obs_L2,2,3.252,58.03,0.000191,0.000189
88,4.9708,5.886,100.88,0.000182,,,obs_L4,4,2.124,-12.09,0.000189,0.000182
89,4.9519,5.9842,102.05,0.000191,0.000375,5e-05,predict,,,,,
89,4.9519,5.9842,102.04,0.000191,,,obs_L0,0,4.438,-217.86,0.000191,0.000191
89,4.9518,5.9843,102.04,0.00019,,,obs_L1,1,2.265,-163.95,0.000191,0.00019
89,4.9523,5.9843,102.03,0.000188,,,obs_L2,2,3.2,59.37,0.00019,0.000188
89,4.9528,5.9844,102.01,0.000181,,,obs_L4,4,1.999,-12.82,0.000188,0.000181
90,4.932,6.082,103.19,0.000191,0.000382,5e-05,predict,,,,,
90,4.9321,6.0824,103.2,0.000191,,,obs_L0,0,4.58,-219.12,0.000191,0.000191
90,4.9319,6.0825,103.19,0.00019,,,obs_L1,1,2.375,-165.6,0.000191,0.00019
90,4.9322,6.0833,103.17,0.000188,,,obs_L2,2,3.054,60.35,0.00019,0.000188
90,4.9322,6.0834,103.17,0.00018,,,obs_L4,4,1.907,-15.14,0.000188,0.00018
91,4.9094,6.181,104.31,0.00019,0.000389,5e-05,predict,,,,,
91,4.9094,6.181,104.31,0.00019,,,obs_L0,0,4.59,-218.78,0.00019,0.00019
91,4.9096,6.1809,104.32,0.000189,,,obs_L1,1,2.388,-168.54,0.00019,0.000189
91,4.9099,6.1803,104.32,0.000188,,,obs_L2,2,3.1,59.57,0.000189,0.000188
91,4.9086,6.1811,104.35,0.000179,,,obs_L4,4,1.768,-18.42,0.000188,0.000179
92,4.8839,6.2774,105.51,0.000189,0.000395,5e-05,predict,,,,,
92,4.8839,6.277,105.52,0.000189,,,obs_L0,0,4.645,-219.92,0.000189,0.000189
92,4.8836,6.2776,105.51,0.000188,,,obs_L1,1,2.622,-168.76,0.000189,0.000188
92,4.8838,6.2789,105.48,0.000187,,,obs_L2,2,2.937,61.87,0.000188,0.000187
92,4.8837,6.2785,105.49,0.000178,,,obs_L4,4,1.772,-19.5,0.000187,0.000178
93,4.857,6.3747,106.64,0.000188,0.000399,5e-05,predict,,,,,
93,4.857,6.3741,106.62,0.000188,,,obs_L0,0,4.63,-218.24,0.000188,0.000188
93,4.8573,6.3738,106.63,0.000187,,,obs_L1,1,2.569,-171.83,0.000188,0.000187
93,4.8579,6.3749,106.6,0.000186,,,obs_L2,2,2.975,62.54,0.000187,0.000186
93,4.8583,6.3742,106.59,0.000176,,,obs_L4,4,1.698,-21.3,0.000186,0.000176
94,4.8296,6.4702,107.74,0.000186,0.000403,4.9e-05,predict,,,,,
94,4.8297,6.4707,107.73,0.000186,,,obs_L0,0,4.862,-219.45,0.000186,0.000186
94,4.8295,6.471,107.73,0.000185,,,obs_L1,1,2.775,-172.2,0.000186,0.000185
94,4.8296,6.471,107.73,0.000184,,,obs_L2,2,2.882,61.7,0.000185,0.000184
94,4.8293,6.4715,107.73,0.000174,,,obs_L4,4,1.498,-24.31,0.000184,0.000174
95,4.799,6.5663,108.86,0.000184,0.000405,4.9e-05,predict,,,,,
95,4.7989,6.5656,108.86,0.000184,,,obs_L0,0,4.825,-220.39,0.000184,0.000184
95,4.7991,6.5653,108.87,0.000183,,,obs_L1,1,2.787,-174.41,0.000184,0.000183
95,4.7993,6.5661,108.85,0.000182,,,obs_L2,2,2.84,63.18,0.000183,0.000182
95,4.7983,6.5662,108.88,0.000171,,,obs_L4,4,1.491,-27.82,0.000182,0.000171
96,4.766,6.6606,110.04,0.000181,0.000406,4.9e-05,predict,,,,,
96,4.766,6.6604,110.03,0.000181,,,obs_L0,0,4.937,-220.2,0.000181,0.000181
96,4.7661,6.6599,110.03,0.000181,,,obs_L1,1,2.887,-175.26,0.000181,0.000181
96,4.7662,6.6594,110.04,0.000179,,,obs_L2,2,2.813,62.5,0.000181,0.000179
96,4.7652,6.6599,110.06,0.000168,,,obs_L4,4,1.362,-30.74,0.000179,0.000168
97,4.7309,6.7539,111.19,0.000178,0.000406,4.9e-05,predict,,,,,
97,4.731,6.7536,111.19,0.000177,,,obs_L1,1,3.005,-176.26,0.000178,0.000177
97,4.7307,6.7542,111.18,0.000176,,,obs_L2,2,2.662,64.02,0.000177,0.000176
97,4.7311,6.754,111.17,0.000164,,,obs_L4,4,1.27,-33.05,0.000176,0.000164
98,4.6949,6.8473,112.33,0.000174,0.000407,4.9e-05,predict,,,,,
98,4.6948,6.8473,112.31,0.000174,,,obs_L1,1,3.147,-176.92,0.000174,0.000174
98,4.6948,6.8471,112.32,0.000173,,,obs_L2,2,2.705,64.28,0.000174,0.000173
98,4.6952,6.8468,112.31,0.00016,,,obs_L4,4,1.195,-36.86,0.000173,0.00016
99,4.6574,6.939,113.46,0.000169,0.000407,4.9e-05,predict,,,,,
99,4.6574,6.939,113.46,0.000169,,,obs_L1,1,3.238,-178.89,0.000169,0.000169
99,4.6572,6.9388,113.46,0.000168,,,obs_L2,2,2.622,64.95,0.000169,0.000168
99,4.6583,6.9386,113.44,0.000155,,,obs_L4,4,1.041,-40.43,0.000168,0.000155
100,4.6185,7.0303,114.57,0.000165,0.000404,4.9e-05,predict,,,,,
100,4.6187,7.0299,114.58,0.000164,,,obs_L1,1,3.273,-180.49,0.000165,0.000164
100,4.6186,7.0306,114.56,0.000164,,,obs_L2,2,2.581,-293.31,0.000164,0.000164
100,4.6193,7.0302,114.55,0.00015,,,obs_L4,4,1.023,-45.52,0.000164,0.00015
101,4.5777,7.1213,115.7,0.00016,0.000398,5e-05,predict,,,,,
101,4.5777,7.121,115.7,0.000159,,,obs_L1,1,3.402,-181.08,0.00016,0.000159
101,4.5777,7.1225,115.68,0.000159,,,obs_L2,2,2.537,-291.71,0.000159,0.000159
101,4.5776,7.1231,115.68,0.000145,,,obs_L4,4,0.912,-51.46,0.000159,0.000145
102,4.5341,7.2137,116.83,0.000155,0.000388,5e-05,predict,,,,,
102,4.534,7.214,116.83,0.000155,,,obs_L1,1,3.567,-182.11,0.000155,0.000155
102,4.5339,7.2139,116.83,0.000154,,,obs_L2,2,2.532,-292.08,0.000155,0.000154
102,4.5336,7.2143,116.84,0.00014,,,obs_L4,4,0.915,-57.8,0.000154,0.00014
103,4.4887,7.3029,117.97,0.000151,0.000375,5.1e-05,predict,,,,,
103,4.4886,7.3033,117.95,0.00015,,,obs_L1,1,3.683,-182.16,0.000151,0.00015
103,4.4884,7.3023,117.97,0.00015,,,obs_L2,2,2.478,-291.82,0.00015,0.00015
103,4.4898,7.3005,117.95,0.000137,,,obs_L4,4,0.859,-63.0,0.00015,0.000137
104,4.4428,7.3891,119.1,0.000148,0.000359,5.1e-05,predict,,,,,
104,4.4429,7.3887,119.08,0.000148,,,obs_L1,1,3.695,-183.55,0.000148,0.000148
104,4.4431,7.3885,119.09,0.000147,,,obs_L2,2,2.555,-290.33,0.000148,0.000147
104,4.4435,7.3876,119.08,0.000136,,,obs_L4,4,0.854,-70.97,0.000147,0.000136
105,4.3948,7.4752,120.27,0.000147,0.000339,5.2e-05,predict,,,,,
105,4.3948,7.4751,120.27,0.000147,,,obs_L1,1,3.816,-185.63,0.000147,0.000147
105,4.3947,7.4745,120.29,0.000146,,,obs_L2,2,2.41,-289.53,0.000147,0.000146
105,4.3936,7.4768,120.3,0.000137,,,obs_L4,4,0.768,-80.57,0.000146,0.000137
106,4.343,7.5634,121.46,0.000149,0.000319,5.3e-05,predict,,,,,
106,4.343,7.5635,121.47,0.000149,,,obs_L1,1,3.936,-186.96,0.000149,0.000149
106,4.3429,7.5626,121.49,0.000148,,,obs_L2,2,2.42,-288.74,0.000149,0.000148
106,4.343,7.5623,121.49,0.000141,,,obs_L4,4,0.805,-87.7,0.000148,0.000141
107,4.2905,7.648,122.64,0.000153,0.000298,5.4e-05,predict,,,,,
107,4.2907,7.6474,122.64,0.000153,,,obs_L1,1,3.934,-187.29,0.000153,0.000153
107,4.2908,7.647,122.65,0.000153,,,obs_L2,2,2.441,-287.39,0.000153,0.000153
107,4.2904,7.647,122.66,0.000147,,,obs_L4,4,0.876,-96.34,0.000153,0.000147
108,4.2366,7.731,123.81,0.00016,0.000279,5.5e-05,predict,,,,,
108,4.2366,7.7308,123.81,0.00016,,,obs_L1,1,4.097,-188.5,0.00016,0.00016
108,4.2367,7.7311,123.8,0.00016,,,obs_L2,2,2.381,-285.47,0.00016,0.00016
108,4.2361,7.7326,123.81,0.000156,,,obs_L4,4,0.836,-105.3,0.00016,0.000156
109,4.1807,7.8154,124.96,0.00017,0.000264,5.7e-05,predict,,,,,
109,4.1807,7.8154,124.97,0.00017,,,obs_L1,1,4.24,-190.23,0.00017,0.00017
109,4.1806,7.815,124.98,0.000169,,,obs_L2,2,2.323,-284.8,0.00017,0.000169
109,4.181,7.8144,124.97,0.000166,,,obs_L4,4,0.804,-111.82,0.000169,0.000166
110,4.1238,7.8961,126.12,0.000181,0.000252,5.8e-05,predict,,,,,
110,4.1237,7.8965,126.11,0.000181,,,obs_L1,1,4.385,-190.0,0.000181,0.000181
110,4.1234,7.8964,126.11,0.00018,,,obs_L2,2,2.251,-283.21,0.000181,0.00018
110,4.1231,7.8967,126.12,0.000178,,,obs_L4,4,0.944,-119.59,0.00018,0.000178
111,4.0635,7.9784,127.24,0.000194,0.000244,5.9e-05,predict,,,,,
111,4.0632,7.9791,127.24,0.000193,,,obs_L1,1,4.545,-191.03,0.000194,0.000193
111,4.0633,7.979,127.24,0.000193,,,obs_L2,2,2.295,-281.9,0.000193,0.000193
111,4.0632,7.9794,127.24,0.000191,,,obs_L4,4,0.944,-126.22,0.000193,0.000191
112,4.0024,8.0593,128.37,0.000207,0.000239,6e-05,predict,,,,,
112,4.0024,8.0596,128.36,0.000207,,,obs_L1,1,4.562,-191.61,0.000207,0.000207
112,4.0022,8.0588,128.38,0.000206,,,obs_L2,2,2.228,-281.16,0.000207,0.000206
112,4.0027,8.0587,128.37,0.000205,,,obs_L4,4,0.908,-131.63,0.000206,0.000205
113,3.9408,8.1369,129.53,0.000222,0.000238,6.2e-05,predict,,,,,
113,3.9408,8.1364,129.55,0.000222,,,obs_L1,1,4.57,-194.28,0.000222,0.000222
113,3.9409,8.1379,129.51,0.000221,,,obs_L2,2,2.27,-277.61,0.000222,0.000221
113,3.941,8.1375,129.51,0.00022,,,obs_L4,4,1.069,-136.57,0.000221,0.00022
114,3.8773,8.2147,130.64,0.000238,0.000238,6.3e-05,predict,,,,,
114,3.8773,8.2147,130.64,0.000237,,,obs_L1,1,4.726,-193.97,0.000238,0.000237
114,3.8775,8.2148,130.64,0.000236,,,obs_L2,2,2.283,-277.82,0.000237,0.000236
114,3.8775,8.2148,130.64,0.000235,,,obs_L4,4,1.157,-141.43,0.000236,0.000235
115,3.8126,8.2904,131.79,0.000254,0.00024,6.4e-05,predict,,,,,
115,3.8127,8.2903,131.78,0.000254,,,obs_L1,1,4.786,-194.21,0.000254,0.000254
115,3.8127,8.29,131.79,0.000253,,,obs_L2,2,2.218,-276.68,0.000254,0.000253
115,3.8124,8.2906,131.8,0.000251,,,obs_L4,4,1.251,-146.18,0.000253,0.000251
116,3.746,8.3649,132.95,0.000271,0.000244,6.5e-05,predict,,,,,
116,3.746,8.3649,132.95,0.000271,,,obs_L1,1,4.917,-195.63,0.000271,0.000271
116,3.7463,8.3655,132.93,0.000269,,,obs_L2,2,2.272,-274.55,0.000271,0.000269
116,3.7463,8.3652,132.93,0.000268,,,obs_L4,4,1.307,-148.82,0.000269,0.000268
117,3.6782,8.4384,134.07,0.000289,0.000248,6.6e-05,predict,,,,,
117,3.6785,8.439,134.05,0.000287,,,obs_L2,2,2.281,-273.07,0.000289,0.000287
117,3.6784,8.4397,134.06,0.000285,,,obs_L4,4,1.395,-153.28,0.000287,0.000285
118,3.6081,8.5123,135.21,0.000307,0.000254,6.9e-05,predict,,,,,
118,3.6078,8.512,135.22,0.000306,,,obs_L2,2,2.155,-272.12,0.000307,0.000306
118,3.6081,8.512,135.22,0.000304,,,obs_L4,4,1.454,-155.56,0.000306,0.000304
119,3.5378,8.5817,136.37,0.000327,0.000261,7.1e-05,predict,,,,,
119,3.5377,8.5821,136.36,0.000325,,,obs_L2,2,2.21,-270.19,0.000327,0.000325
119,3.5377,8.5819,136.36,0.000323,,,obs_L4,4,1.572,-157.84,0.000325,0.000323
120,3.4656,8.6507,137.51,0.000346,0.000268,7.3e-05,predict,,,,,
120,3.466,8.6498,137.54,0.000344,,,obs_L2,2,2.211,-270.17,0.000346,0.000344
120,3.4663,8.6497,137.53,0.000342,,,obs_L4,4,1.622,-160.62,0.000344,0.000342
121,3.3928,8.717,138.68,0.000366,0.000275,7.5e-05,predict,,,,,
121,3.3923,8.7171,138.68,0.000364,,,obs_L2,2,2.152,-267.25,0.000366,0.000364
121,3.3917,8.717,138.68,0.000361,,,obs_L4,4,1.84,-162.07,0.000364,0.000361
122,3.3164,8.7832,139.83,0.000387,0.000283,7.7e-05,predict,,,,,
122,3.316,8.7841,139.81,0.000385,,,obs_L2,2,2.208,-265.31,0.000387,0.000385
122,3.3159,8.7842,139.81,0.000382,,,obs_L4,4,1.867,-165.02,0.000385,0.000382
123,3.24,8.8483,140.96,0.000408,0.000291,7.9e-05,predict,,,,,
123,3.2399,8.8481,140.96,0.000405,,,obs_L2,2,2.197,-264.91,0.000408,0.000405
123,3.24,8.848,140.96,0.000402,,,obs_L4,4,1.937,-166.64,0.000405,0.000402
124,3.1625,8.9108,142.1,0.000429,0.000299,8.1e-05,predict,,,,,
124,3.1626,8.911,142.1,0.000426,,,obs_L2,2,2.247,-263.34,0.000429,0.000426
124,3.1624,8.9108,142.09,0.000423,,,obs_L4,4,2.075,-167.84,0.000426,0.000423
125,3.0828,8.9728,143.24,0.000451,0.000308,8.3e-05,predict,,,,,
125,3.0834,8.9724,143.25,0.000448,,,obs_L2,2,2.3,-262.81,0.000451,0.000448
125,3.0847,8.9717,143.23,0.000444,,,obs_L4,4,2.024,-169.67,0.000448,0.000444
126,3.0051,9.0312,144.39,0.000472,0.000317,8.5e-05,predict,,,,,
126,3.0048,9.0307,144.4,0.000469,,,obs_L2,2,2.2,-260.73,0.000472,0.000469
126,3.0053,9.0309,144.41,0.000464,,,obs_L4,4,2.192,-172.81,0.000469,0.000464
127,2.9231,9.0898,145.57,0.000494,0.000327,8.7e-05,predict,,,,,
127,2.9229,9.0905,145.55,0.000491,,,obs_L2,2,2.314,-258.84,0.000494,0.000491
127,2.923,9.0909,145.57,0.000486,,,obs_L4,4,2.32,-174.76,0.000491,0.000486
128,2.8411,9.147,146.71,0.000516,0.000337,8.9e-05,predict,,,,,
128,2.8408,9.1471,146.71,0.000512,,,obs_L2,2,2.281,-257.76,0.000516,0.000512
128,2.8416,9.1468,146.7,0.000507,,,obs_L4,4,2.375,-174.59,0.000512,0.000507
129,2.7575,9.2021,147.84,0.000538,0.000348,9.1e-05,predict,,,,,
129,2.7572,9.2024,147.83,0.000534,,,obs_L2,2,2.33,-256.39,0.000538,0.000534
129,2.7571,9.2026,147.84,0.000528,,,obs_L4,4,2.554,-176.61,0.000534,0.000528
130,2.6722,9.256,148.99,0.00056,0.000359,9.3e-05,predict,,,,,
130,2.6725,9.2565,148.98,0.000555,,,obs_L2,2,2.416,-255.59,0.00056,0.000555
130,2.6724,9.2566,148.99,0.00055,,,obs_L4,4,2.646,-177.88,0.000555,0.00055
131,2.5871,9.3079,150.14,0.000582,0.000372,9.4e-05,predict,,,,,
131,2.5873,9.3074,150.15,0.000577,,,obs_L2,2,2.361,-254.82,0.000582,0.000577
131,2.5875,9.3072,150.13,0.000571,,,obs_L4,4,2.739,-177.61,0.000577,0.000571
132,2.5022,9.3562,151.26,0.000603,0.000385,9.6e-05,predict,,,,,
132,2.5025,9.3549,151.29,0.000598,,,obs_L2,2,2.343,-254.1,0.000603,0.000598
132,2.5014,9.3552,151.3,0.000592,,,obs_L4,4,2.921,-179.9,0.000598,0.000592
133,2.4138,9.4032,152.43,0.000625,0.000399,9.8e-05,predict,,,,,
133,2.4132,9.4034,152.43,0.00062,,,obs_L2,2,2.409,-251.48,0.000625,0.00062
133,2.4137,9.4032,152.41,0.000613,,,obs_L4,4,2.917,-179.89,0.00062,0.000613
134,2.3244,9.4499,153.54,0.000646,0.000414,0.0001,predict,,,,,
134,2.3247,9.4501,153.53,0.000641,,,obs_L2,2,2.509,-251.3,0.000646,0.000641
134,2.3231,9.4505,153.55,0.000634,,,obs_L4,4,3.156,-182.4,0.000641,0.000634
135,2.2338,9.495,154.7,0.000667,0.00043,0.000102,predict,,,,,
135,2.2338,9.4955,154.69,0.000662,,,obs_L2,2,2.547,-249.83,0.000667,0.000662
135,2.233,9.4957,154.68,0.000654,,,obs_L4,4,3.213,-182.24,0.000662,0.000654
136,2.142,9.5387,155.81,0.000688,0.000447,0.000104,predict,,,,,
136,2.1423,9.5385,155.82,0.000683,,,obs_L2,2,2.547,-249.47,0.000688,0.000683
136,2.1419,9.5386,155.83,0.000675,,,obs_L4,4,3.27,-184.57,0.000683,0.000675
137,2.0501,9.5798,156.97,0.000709,0.000465,0.000105,predict,,,,,
137,2.0504,9.581,156.95,0.000703,,,obs_L2,2,2.683,-248.03,0.000709,0.000703
137,2.0507,9.581,156.95,0.000695,,,obs_L4,4,3.329,-185.1,0.000703,0.000695
138,1.9591,9.6199,158.1,0.000729,0.000485,0.000107,predict,,,,,
138,1.9594,9.6188,158.12,0.000723,,,obs_L2,2,2.554,-247.78,0.000729,0.000723
138,1.9584,9.619,158.14,0.000714,,,obs_L4,4,3.507,-186.57,0.000723,0.000714
139,1.8655,9.6563,159.28,0.000748,0.000505,0.000109,predict,,,,,
139,1.8651,9.6558,159.28,0.000743,,,obs_L2,2,2.61,-246.08,0.000748,0.000743
139,1.8643,9.656,159.28,0.000734,,,obs_L4,4,3.606,-186.76,0.000743,0.000734
140,1.7708,9.6914,160.42,0.000768,0.000527,0.000111,predict,,,,,
140,1.7713,9.6918,160.42,0.000762,,,obs_L2,2,2.753,-246.02,0.000768,0.000762
140,1.7725,9.6916,160.4,0.000753,,,obs_L4,4,3.574,-187.26,0.000762,0.000753
141,1.6782,9.7252,161.55,0.000786,0.00055,0.000112,predict,,,,,
141,1.6783,9.7249,161.56,0.000781,,,obs_L2,2,2.73,-244.98,0.000786,0.000781
141,1.6774,9.7251,161.56,0.000771,,,obs_L4,4,3.811,-188.73,0.000781,0.000771
142,1.5818,9.757,162.69,0.000805,0.000574,0.000114,predict,,,,,
142,1.5809,9.7578,162.67,0.000799,,,obs_L2,2,2.813,-242.88,0.000805,0.000799
142,1.5815,9.7578,162.65,0.000789,,,obs_L4,4,3.811,-189.43,0.000799,0.000789
143,1.485,9.7879,163.78,0.000823,0.0006,0.000115,predict,,,,,
143,1.485,9.788,163.78,0.000817,,,obs_L2,2,2.838,-243.3,0.000823,0.000817
143,1.4839,9.7881,163.78,0.000807,,,obs_L4,4,4.018,-190.56,0.000817,0.000807
144,1.388,9.8161,164.93,0.00084,0.000626,0.000117,predict,,,,,
144,1.3876,9.8166,164.92,0.000834,,,obs_L2,2,2.909,-242.2,0.00084,0.000834
144,1.3878,9.8165,164.93,0.000824,,,obs_L4,4,4.022,-192.21,0.000834,0.000824
145,1.2911,9.8425,166.07,0.000857,0.000655,0.000118,predict,,,,,
145,1.2921,9.8413,166.1,0.000851,,,obs_L2,2,2.876,-243.35,0.000857,0.000851
145,1.2903,9.8414,166.13,0.00084,,,obs_L4,4,4.241,-193.23,0.000851,0.00084
146,1.1933,9.8653,167.27,0.000872,0.000684,0.00012,predict,,,,,
146,1.1935,9.8651,167.28,0.000867,,,obs_L2,2,2.966,-241.82,0.000872,0.000867
146,1.1934,9.8652,167.27,0.000856,,,obs_L4,4,4.251,-192.98,0.000867,0.000856
147,1.0962,9.8871,168.42,0.000888,0.000715,0.000121,predict,,,,,
147,1.0965,9.8876,168.42,0.000882,,,obs_L2,2,3.068,-241.48,0.000888,0.000882
147,1.0967,9.8876,168.42,0.000871,,,obs_L4,4,4.325,-194.12,0.000882,0.000871
148,0.9986,9.9077,169.56,0.000902,0.000747,0.000123,predict,,,,,
148,0.998,9.9078,169.55,0.000897,,,obs_L2,2,3.062,-239.74,0.000902,0.000897
148,0.9977,9.9079,169.54,0.000885,,,obs_L4,4,4.455,-194.69,0.000897,0.000885
149,0.8989,9.9261,170.69,0.000916,0.00078,0.000124,predict,,,,,
149,0.8985,9.9267,170.68,0.000911,,,obs_L2,2,3.158,-239.53,0.000916,0.000911
149,0.8982,9.9265,170.7,0.000898,,,obs_L4,4,4.536,-196.67,0.000911,0.000898
150,0.7991,9.9427,171.85,0.000929,0.000816,0.000125,predict,,,,,
150,0.7995,9.9429,171.85,0.000924,,,obs_L2,2,3.196,-240.16,0.000929,0.000924
150,0.8001,9.943,171.84,0.000911,,,obs_L4,4,4.596,-196.4,0.000924,0.000911
151,0.7015,9.9571,172.98,0.000941,0.000852,0.000126,predict,,,,,
151,0.7016,9.958,172.97,0.000936,,,obs_L2,2,3.289,-239.39,0.000941,0.000936
151,0.7016,9.9583,172.95,0.000923,,,obs_L4,4,4.734,-196.56,0.000936,0.000923
152,0.602,9.9706,174.1,0.000953,0.00089,0.000128,predict,,,,,
152,0.6009,9.9709,174.08,0.000947,,,obs_L2,2,3.291,-237.55,0.000953,0.000947
152,0.6002,9.9706,174.11,0.000934,,,obs_L4,4,4.842,-199.33,0.000947,0.000934
153,0.5008,9.9808,175.26,0.000963,0.000929,0.000129,predict,,,,,
153,0.5007,9.9814,175.25,0.000958,,,obs_L2,2,3.37,-238.49,0.000963,0.000958
153,0.4998,9.9815,175.25,0.000945,,,obs_L4,4,4.974,-198.71,0.000958,0.000945
154,0.3995,9.9898,176.39,0.000973,0.00097,0.00013,predict,,,,,
154,0.4002,9.9895,176.41,0.000968,,,obs_L2,2,3.378,-239.11,0.000973,0.000968
155,0.3001,9.9958,177.55,0.000995,0.001013,0.000133,predict,,,,,
155,0.3006,9.9954,177.56,0.00099,,,obs_L2,2,3.428,-238.62,0.000995,0.00099
156,0.2008,9.9997,178.72,0.001016,0.001059,0.000136,predict,,,,,
156,0.2008,9.9991,178.72,0.001011,,,obs_L2,2,3.463,-237.55,0.001016,0.001011
157,0.1004,10.0014,179.88,0.001037,0.001106,0.000138,predict,,,,,
157,0.1,10.0027,179.86,0.001031,,,obs_L2,2,3.63,-237.44,0.001037,0.001031
158,-0.0006,10.0029,-178.99,0.001056,0.001156,0.000141,predict,,,,,
158,-0.0005,10.0018,-178.98,0.001051,,,obs_L2,2,3.541,-237.21,0.001056,0.001051
159,-0.1008,10.0,-177.84,0.001075,0.001208,0.000144,predict,,,,,
159,-0.1006,10.0009,-177.84,0.001069,,,obs_L2,2,3.716,-237.64,0.001075,0.001069
160,-0.2007,9.9971,-176.69,0.001092,0.001262,0.000146,predict,,,,,
160,-0.2006,9.9969,-176.69,0.001087,,,obs_L2,2,3.704,-237.13,0.001092,0.001087
161,-0.3004,9.9911,-175.54,0.001109,0.001318,0.000149,predict,,,,,
161,-0.3004,9.9903,-175.53,0.001103,,,obs_L2,2,3.727,-236.64,0.001109,0.001103
162,-0.3997,9.9825,-174.36,0.001124,0.001377,0.000152,predict,,,,,
162,-0.3998,9.9823,-174.36,0.001118,,,obs_L2,2,3.815,-236.65,0.001124,0.001118
163,-0.4988,9.9726,-173.23,0.001139,0.001437,0.000154,predict,,,,,
163,-0.4982,9.9717,-173.21,0.001132,,,obs_L2,2,3.832,-237.05,0.001139,0.001132
164,-0.5981,9.9598,-172.06,0.001152,0.001501,0.000157,predict,,,,,
164,-0.5981,9.9603,-172.06,0.001145,,,obs_L2,2,3.969,-236.94,0.001152,0.001145
165,-0.6974,9.9465,-170.91,0.001164,0.001567,0.000159,predict,,,,,
165,-0.6977,9.9478,-170.92,0.001157,,,obs_L2,2,4.074,-236.9,0.001164,0.001157
166,-0.7965,9.932,-169.78,0.001174,0.001635,0.000162,predict,,,,,
166,-0.7969,9.9321,-169.79,0.001168,,,obs_L2,2,4.055,-236.1,0.001174,0.001168
167,-0.8953,9.9144,-168.65,0.001184,0.001706,0.000164,predict,,,,,
167,-0.8939,9.913,-168.62,0.001177,,,obs_L2,2,4.029,-237.62,0.001184,0.001177
168,-0.9924,9.8932,-167.47,0.001192,0.001779,0.000167,predict,,,,,
168,-0.9923,9.8918,-167.47,0.001185,,,obs_L2,2,4.079,-235.89,0.001192,0.001185
169,-1.0895,9.8702,-166.33,0.001199,0.001855,0.000169,predict,,,,,
169,-1.0903,9.8696,-166.35,0.001192,,,obs_L2,2,4.184,-235.15,0.001199,0.001192
170,-1.1876,9.846,-165.21,0.001205,0.001933,0.000171,predict,,,,,
170,-1.1873,9.8454,-165.2,0.001197,,,obs_L2,2,4.239,-236.54,0.001205,0.001197
171,-1.2836,9.82,-164.06,0.001209,0.002014,0.000174,predict,,,,,
171,-1.2851,9.8211,-164.09,0.001201,,,obs_L2,2,4.4,-235.53,0.001209,0.001201
172,-1.3813,9.7937,-162.95,0.001212,0.002097,0.000176,predict,,,,,
172,-1.3827,9.7953,-162.99,0.001204,,,obs_L2,2,4.482,-236.04,0.001212,0.001204
173,-1.4781,9.7661,-161.84,0.001214,0.002183,0.000178,predict,,,,,
173,-1.4786,9.7668,-161.85,0.001206,,,obs_L2,2,4.486,-236.46,0.001214,0.001206
174,-1.5729,9.7358,-160.72,0.001215,0.002271,0.00018,predict,,,,,
174,-1.5729,9.7363,-160.71,0.001206,,,obs_L2,2,4.529,-237.19,0.001215,0.001206
175,-1.667,9.7034,-159.57,0.001214,0.002362,0.000182,predict,,,,,
175,-1.6663,9.7026,-159.56,0.001205,,,obs_L2,2,4.505,-236.97,0.001214,0.001205
176,-1.7602,9.6676,-158.39,0.001212,0.002455,0.000185,predict,,,,,
176,-1.7597,9.6673,-158.38,0.001203,,,obs_L2,2,4.592,-237.33,0.001212,0.001203
177,-1.8531,9.6303,-157.24,0.001209,0.002551,0.000187,predict,,,,,
177,-1.8537,9.6307,-157.25,0.001199,,,obs_L2,2,4.691,-236.64,0.001209,0.001199
178,-1.9459,9.5921,-156.12,0.001204,0.00265,0.000189,predict,,,,,
178,-1.9463,9.5919,-156.14,0.001195,,,obs_L2,2,4.715,-236.46,0.001204,0.001195
179,-2.0378,9.5515,-154.99,0.001199,0.00275,0.000191,predict,,,,,
179,-2.0368,9.5504,-154.97,0.001189,,,obs_L2,2,4.708,-237.55,0.001199,0.001189
180,-2.1275,9.508,-153.84,0.001192,0.002853,0.000193,predict,,,,,
180,-2.1261,9.5074,-153.8,0.001182,,,obs_L2,2,4.784,-238.65,0.001192,0.001182
181,-2.2161,9.4631,-152.63,0.001184,0.002958,0.000195,predict,,,,,
181,-2.2158,9.4629,-152.63,0.001174,,,obs_L2,2,4.87,-237.81,0.001184,0.001174
182,-2.3046,9.4169,-151.48,0.001175,0.003065,0.000196,predict,,,,,
182,-2.3057,9.418,-151.5,0.001164,,,obs_L2,2,5.004,-237.54,0.001175,0.001164
183,-2.3938,9.3701,-150.36,0.001165,0.003175,0.000198,predict,,,,,
183,-2.3937,9.3691,-150.37,0.001154,,,obs_L2,2,4.931,-237.01,0.001165,0.001154
184,-2.4807,9.3196,-149.22,0.001155,0.003286,0.0002,predict,,,,,
185,-2.5667,9.2684,-148.09,0.001155,0.003409,0.000204,predict,,,,,
186,-2.6516,9.2156,-146.94,0.001156,0.003534,0.000208,predict,,,,,
187,-2.736,9.1606,-145.78,0.001156,0.003661,0.000212,predict,,,,,
188,-2.8195,9.1038,-144.64,0.001157,0.003791,0.000216,predict,,,,,
189,-2.9015,9.0457,-143.49,0.001159,0.003922,0.00022,predict,,,,,
190,-2.9827,8.9855,-142.36,0.001161,0.004055,0.000224,predict,,,,,
191,-3.0616,8.9247,-141.22,0.001164,0.004187,0.000228,predict,,,,,
192,-3.1387,8.8627,-140.08,0.001168,0.004321,0.000232,predict,,,,,
193,-3.2151,8.7988,-138.93,0.001173,0.004456,0.000236,predict,,,,,
194,-3.2906,8.733,-137.76,0.001179,0.004593,0.00024,predict,,,,,
195,-3.365,8.6654,-136.62,0.001187,0.004731,0.000244,predict,,,,,
196,-3.4374,8.5971,-135.47,0.001197,0.004869,0.000248,predict,,,,,
197,-3.5082,8.5274,-134.3,0.001208,0.005007,0.000252,predict,,,,,
198,-3.5784,8.4554,-133.16,0.001221,0.005147,0.000256,predict,,,,,
199,-3.6463,8.3831,-132.0,0.001236,0.005286,0.00026,predict,,,,,
200,-3.7131,8.3088,-130.84,0.001254,0.005425,0.000264,predict,,,,,
201,-3.778,8.2338,-129.7,0.001274,0.005564,0.000268,predict,,,,,
202,-3.8419,8.1568,-128.56,0.001297,0.005703,0.000272,predict,,,,,
203,-3.9041,8.0788,-127.4,0.001324,0.005842,0.000276,predict,,,,,
204,-3.9645,7.9998,-126.26,0.001353,0.00598,0.00028,predict,,,,,
205,-4.0237,7.9191,-125.11,0.001386,0.006118,0.000284,predict,,,,,
206,-4.0814,7.837,-123.97,0.001422,0.006255,0.000288,predict,,,,,
207,-4.1369,7.7547,-122.81,0.001462,0.006389,0.000292,predict,,,,,
208,-4.1911,7.6706,-121.68,0.001506,0.006523,0.000296,predict,,,,,
209,-4.2441,7.5848,-120.53,0.001555,0.006657,0.0003,predict,,,,,
210,-4.2952,7.4981,-119.38,0.001608,0.006789,0.000304,predict,,,,,
211,-4.3447,7.4101,-118.22,0.001666,0.006919,0.000308,predict,,,,,
212,-4.3919,7.3221,-117.06,0.001729,0.007045,0.000312,predict,,,,,
213,-4.4376,7.2328,-115.9,0.001797,0.00717,0.000316,predict,,,,,
214,-4.4811,7.1432,-114.74,0.001869,0.007292,0.00032,predict,,,,,
215,-4.5231,7.0519,-113.62,0.001948,0.007411,0.000324,predict,,,,,
216,-4.563,6.9609,-112.5,0.002032,0.007527,0.000328,predict,,,,,
217,-4.6012,6.8686,-111.34,0.002122,0.00764,0.000332,predict,,,,,
218,-4.6378,6.7748,-110.2,0.002218,0.007751,0.000336,predict,,,,,
219,-4.6726,6.6801,-109.07,0.002322,0.007859,0.00034,predict,,,,,
220,-4.705,6.5864,-107.92,0.002429,0.007961,0.000344,predict,,,,,
221,-4.7359,6.4911,-106.77,0.002545,0.008061,0.000348,predict,,,,,
222,-4.7644,6.3963,-105.63,0.002666,0.008156,0.000352,predict,,,,,
223,-4.7912,6.3007,-104.48,0.002794,0.008247,0.000356,predict,,,,,
224,-4.8162,6.2037,-103.34,0.00293,0.008335,0.00036,predict,,,,,
225,-4.8392,6.1066,-102.21,0.003073,0.008418,0.000364,predict,,,,,
226,-4.8604,6.0089,-101.05,0.003223,0.008496,0.000368,predict,,,,,
227,-4.8794,5.9112,-99.9,0.00338,0.00857,0.000372,predict,,,,,
228,-4.8966,5.813,-98.76,0.003545,0.008639,0.000376,predict,,,,,
229,-4.9118,5.7142,-97.63,0.003718,0.008704,0.00038,predict,,,,,
230,-4.9251,5.6154,-96.5,0.003898,0.008763,0.000384,predict,,,,,
231,-4.9365,5.515,-95.35,0.004089,0.008818,0.000388,predict,,,,,
232,-4.9458,5.4158,-94.2,0.004285,0.008868,0.000392,predict,,,,,
233,-4.9531,5.3161,-93.06,0.004489,0.008912,0.000396,predict,,,,,
234,-4.9584,5.216,-91.9,0.004703,0.008951,0.0004,predict,,,,,
235,-4.9617,5.1163,-90.76,0.004923,0.008985,0.000404,predict,,,,,
236,-4.9631,5.0165,-89.64,0.005151,0.009014,0.000408,predict,,,,,
237,-4.9625,4.9172,-88.48,0.005387,0.009037,0.000412,predict,,,,,
238,-4.9598,4.8164,-87.34,0.005634,0.009055,0.000416,predict,,,,,
239,-4.9551,4.7162,-86.19,0.005888,0.009068,0.00042,predict,,,,,
240,-4.9484,4.6149,-85.03,0.006153,0.009074,0.000424,predict,,,,,
241,-4.9397,4.5154,-83.9,0.006423,0.009076,0.000428,predict,,,,,
242,-4.9292,4.4167,-82.75,0.006698,0.009073,0.000432,predict,,,,,
243,-4.9166,4.3179,-81.62,0.006983,0.009064,0.000436,predict,,,,,
244,-4.9021,4.2193,-80.48,0.007275,0.009051,0.00044,predict,,,,,
245,-4.8854,4.1198,-79.33,0.007579,0.009031,0.000444,predict,,,,,
246,-4.8669,4.0216,-78.17,0.007887,0.009007,0.000448,predict,,,,,
247,-4.8464,3.9237,-77.03,0.008204,0.008978,0.000452,predict,,,,,
248,-4.8238,3.8255,-75.88,0.00853,0.008944,0.000456,predict,,,,,
249,-4.7995,3.729,-74.73,0.008859,0.008906,0.00046,predict,,,,,
250,-4.7733,3.6329,-73.6,0.009196,0.008863,0.000464,predict,,,,,
251,-4.7449,3.5366,-72.44,0.009542,0.008815,0.000468,predict,,,,,
252,-4.7149,3.4419,-71.28,0.009892,0.008764,0.000472,predict,,,,,
253,-4.683,3.3475,-70.14,0.010248,0.008708,0.000476,predict,,,,,
254,-4.6491,3.2537,-69.01,0.010612,0.008649,0.00048,predict,,,,,
255,-4.6133,3.1603,-67.87,0.010982,0.008585,0.000484,predict,,,,,
256,-4.5755,3.0676,-66.73,0.011358,0.008519,0.000488,predict,,,,,
257,-4.5361,2.9758,-65.59,0.01174,0.008449,0.000492,predict,,,,,
258,-4.4949,2.885,-64.44,0.012125,0.008376,0.000496,predict,,,,,
259,-4.4516,2.7946,-63.3,0.012518,0.008301,0.0005,predict,,,,,
260,-4.4067,2.7052,-62.15,0.012914,0.008223,0.000504,predict,,,,,
261,-4.3603,2.6175,-60.99,0.013312,0.008143,0.000508,predict,,,,,
262,-4.312,2.5304,-59.84,0.013715,0.008062,0.000512,predict,,,,,
263,-4.2619,2.4442,-58.72,0.014121,0.007979,0.000516,predict,,,,,
264,-4.2104,2.3595,-57.57,0.014529,0.007895,0.00052,predict,,,,,
265,-4.1567,2.2749,-56.43,0.014944,0.00781,0.000524,predict,,,,,
266,-4.1013,2.1914,-55.31,0.015362,0.007723,0.000528,predict,,,,,
267,-4.0444,2.1092,-54.18,0.01578,0.007637,0.000532,predict,,,,,
268,-3.986,2.0283,-53.03,0.0162,0.007552,0.000536,predict,,,,,
269,-3.9262,1.9488,-51.89,0.01662,0.007467,0.00054,predict,,,,,
270,-3.8641,1.8697,-50.75,0.017045,0.007382,0.000544,predict,,,,,
271,-3.8006,1.792,-49.62,0.01747,0.007298,0.000548,predict,,,,,
272,-3.7356,1.7156,-48.45,0.017895,0.007216,0.000552,predict,,,,,
273,-3.6701,1.6417,-47.32,0.018312,0.007138,0.000556,predict,,,,,
274,-3.6021,1.5679,-46.17,0.018736,0.00706,0.00056,predict,,,,,
275,-3.5328,1.4957,-45.03,0.019158,0.006986,0.000564,predict,,,,,
276,-3.4621,1.4249,-43.89,0.019577,0.006915,0.000568,predict,,,,,
277,-3.3896,1.3552,-42.74,0.019996,0.006847,0.000572,predict,,,,,
278,-3.316,1.2872,-41.6,0.020411,0.006784,0.000576,predict,,,,,
279,-3.2414,1.2209,-40.46,0.020822,0.006726,0.00058,predict,,,,,
280,-3.1652,1.1559,-39.32,0.02123,0.006672,0.000584,predict,,,,,
281,-3.0877,1.0925,-38.15,0.021634,0.006623,0.000588,predict,,,,,
282,-3.0087,1.0304,-37.01,0.022035,0.006581,0.000592,predict,,,,,
283,-2.9284,0.9699,-35.86,0.022431,0.006544,0.000596,predict,,,,,
284,-2.8481,0.9119,-34.73,0.022816,0.006515,0.0006,predict,,,,,
285,-2.7667,0.8555,-33.59,0.023195,0.006492,0.000604,predict,,,,,
286,-2.6834,0.8001,-32.42,0.023571,0.006476,0.000608,predict,,,,,
287,-2.5989,0.7464,-31.28,0.023941,0.006469,0.000612,predict,,,,,
288,-2.5131,0.6943,-30.16,0.024304,0.006469,0.000616,predict,,,,,
289,-2.4265,0.644,-29.0,0.024659,0.006479,0.00062,predict,,,,,
290,-2.3397,0.5959,-27.84,0.025003,0.006497,0.000624,predict,,,,,
291,-2.2511,0.5491,-26.7,0.02534,0.006524,0.000628,predict,,,,,
292,-2.1615,0.504,-25.53,0.025669,0.006562,0.000632,predict,,,,,
293,-2.0712,0.4609,-24.38,0.025988,0.006609,0.000636,predict,,,,,
294,-1.9803,0.4197,-23.25,0.026296,0.006667,0.00064,predict,,,,,
295,-1.888,0.38,-22.11,0.026595,0.006736,0.000644,predict,,,,,
296,-1.7954,0.3424,-20.97,0.026882,0.006816,0.000648,predict,,,,,
297,-1.7018,0.3065,-19.82,0.02716,0.006908,0.000652,predict,,,,,
297,-1.7182,0.3031,-19.96,0.016653,,,obs_L0,0,5.037,-320.13,0.02716,0.016653
298,-1.6237,0.2688,-18.82,0.016817,0.005936,0.00042,predict,,,,,
298,-1.6081,0.2755,-18.66,0.012389,,,obs_L0,0,4.888,-321.41,0.016817,0.012389
299,-1.5135,0.2436,-17.52,0.012506,0.005321,0.000328,predict,,,,,
299,-1.5053,0.2401,-17.5,0.010009,,,obs_L0,0,4.803,-320.64,0.012506,0.010009
300,-1.4101,0.2101,-16.35,0.010102,0.004856,0.000279,predict,,,,,
300,-1.4247,0.2045,-16.5,0.008477,,,obs_L0,0,4.839,-320.77,0.010102,0.008477
